pair,date,year,village,district,vilno,disno,treat,poverty,pop2000,lpop2000,pop2002,pret,post,diff,groznyy,elevation,lelev,tariq,nn,lnn,reb,garrison,vildays,fail,swept,deaths,deathsd,wounded,woundedd,prop,propd,lprop,history,historyd,lhistory,change,decrease,increase,abandon,iso,neighbors,_st,_d,_t,_t0
1,6/1/2000,2000,Elistanzhi,Vedenskiy,36,15,0,3,1845,7.5202351,1683,4,3,-1,0,702,6.5539341,0,2.8469999,1.046266,1,1,28,1,0,,,,,,,,,,,-1,1,0,0,4,"Eshilkhatoy, Tsa-Vedeno, Vedeno, Neftyanoye",1,1,28,0
1,6/1/2000,2000,Malye Shuani,Nozhai-Yurtovskiy,79,9,1,3,323,5.7776518,500,0,1,1,0,670,6.507277,0,1.4816,.39312261,1,0,5,1,0,0,0,0,0,0,0,0,0,0,0,1,0,1,3,6,"Shena, Khashki-Mokhk, Yalkhoy-Mokhk, Turty-Khutor, Bel'ty, Gezenchu",1,1,5,0
2,6/5/2000,2000,Belgatoy,Shalinskiy,15,10,1,2,3395,8.1300592,3247,1,0,-1,0,809,6.6957989,0,4.8000002,1.568616,1,0,90,0,0,34,1,0,0,0,0,0,0,0,0,-1,1,0,2,0,,1,0,90,0
2,6/5/2000,2000,Oktya'brskoe,Vedenskiy,98,15,0,3,2724,7.9098568,4000,0,0,0,0,667,6.50279,0,1.4816,.39312261,1,0,90,0,0,,,,,,,,,,,0,0,0,0,5,"Vedeno, Neftyanoye, Dyshne-Vedeno, Eshilkhatoy, Elistanzhi",1,0,90,0
3,6/5/2000,2000,Chiri-Yurt,Shalinskiy,24,10,0,2,11316,9.3339729,5000,4,5,1,0,313,5.7462029,0,1.193,.1764711,1,1,25,1,0,,,,,,,,,,,1,0,1,0,4,"Staryye Atagi, Duba-Yurt, Novyye Atagi, Lakha-Varanda",1,1,25,0
3,6/5/2000,2000,Gansolchu,Nozhai-Yurtovskiy,40,9,1,3,823,6.712956,1000,0,0,0,0,738,6.6039438,0,1.8,.58778661,1,0,90,0,0,0,0,0,0,2,1,1.098612,0,0,0,0,0,0,0,5,"Akhkinchu-Barze, Yalkhoy-Mokhk, Malyye Shuani, Turty-Khutor, Shena",1,0,90,0
4,6/5/2000,2000,Achkoi-Martan,Achkhoi-Martanovskiy,2,1,0,2,20350,9.9208364,16742,4,8,4,0,246,5.505332,0,4.6700001,1.541159,0,1,1,1,0,,,,,,,,,,,1,0,1,0,1,Valerik,1,1,1,0
4,6/5/2000,2000,Khidi-Khutor,Shalinskiy,65,10,1,2,42,3.7376699,100,3,1,-2,0,490,6.194406,0,.74080002,-.3000246,1,0,11,1,0,0,0,0,0,0,0,0,0,0,0,-1,1,0,4,9,"Regita, Bel'ty, Kuren'-Benoy, Dzhaglargi, Yalkhoy-Mokhk, Morzoi-Mokhk, Achireshki, Enikali, Akhkinchu-Borzoi",1,1,11,0
5,6/5/2000,2000,Agishbatoi,Vedenskiy,3,15,0,3,14,2.6390569,842,2,0,-2,0,816,6.7044139,0,1.4816,.39312261,1,0,90,0,0,,,,,,,,,,,-1,1,0,0,5,"Pervomayskaya, Guni, Mesedoy, Ersenoi, Oktya'berskoe",1,0,90,0
5,6/5/2000,2000,Shirdi-Mokhk,Vedenskiy,117,15,1,3,391,5.968708,500,1,0,-1,0,639,6.4599051,0,1.6668,.51090562,1,0,90,0,0,0,0,0,0,0,0,0,0,0,0,-1,1,0,3,7,"Guni, Mesedoy, Achireshki, Enikali, Gezenchu, Ersenoi, N. Kurchali",1,0,90,0
6,6/5/2000,2000,Marshen-Kali,Vedenskiy,80,15,0,3,500,6.2146082,500,0,0,0,0,1139,7.0379062,0,.74080002,-.3000246,1,0,90,0,0,,,,,,,,,,,0,0,0,1,7,"Khal-Keloi, Musolt-Aul, Aslanbek-Sheripovo, Benoy, Bogatovka, Tauzen, Yukerch-Keloi",1,0,90,0
6,6/5/2000,2000,Tazen-Kale,Vedenskiy,127,15,1,3,243,5.493062,500,0,0,0,0,698,6.5482192,0,1.1112,.1054405,1,0,90,0,0,0,0,0,0,0,0,0,0,0,0,0,0,0,2,5,"Ersenoi, Zhani-Vedeno, Dyshne-Vedeno, Koshka-Ara, Yukerchu-Gonkha",1,0,90,0
7,6/5/2000,2000,Duba-Yurt,Shalinskiy,30,10,0,2,955,6.861712,5738,0,0,0,0,372,5.9188938,0,3.02,1.105257,1,0,90,0,0,,,,,,,,,,,0,0,0,0,5,"Lahka-Varandy, Dachu-Borzoi, Goychu, Sharo-Argun, Chishki",1,0,90,0
7,6/5/2000,2000,Yalkhoy-Mokhk,Shalinskiy,141,10,1,2,1949,7.5750718,4049,1,0,-1,0,398,5.9864521,0,1.4816,.39312261,1,0,90,0,0,0,0,0,0,0,0,0,0,0,0,-1,1,0,3,5,"Bel'ty, Akhkinchu-Borzoi, Khaskhi-Mokhk, Kuren'-Benoy, Khidi-Khutor",1,0,90,0
8,6/17/2000,2000,Ersenoi,Vedenskiy,37,15,0,3,20,2.9957321,750,0,0,0,0,754,6.625392,0,2.7219999,1.001367,1,1,90,0,0,,,,,,,,,,,0,0,0,3,10,"Agishbatoi, Mesedoy, Sherdi-Mokhk, Dyshne-Vedeno, Tazen-Kale, Nizhniye Kurchali, Sredniye Kurchali, Berikh, Vedeno, Oktya'brskoe",1,0,90,0
8,6/17/2000,2000,Shatoi,Shatoiskiy,115,11,1,3,1669,7.41998,1771,7,3,-4,0,495,6.2045579,0,1.825,.60158002,0,1,41,1,0,2,1,0,0,0,0,0,0,0,0,-1,1,0,7,14,"Sovetskoye, Varandy, Khakkhoy, Pamyatoy, Veshindoroy, Gorgachi, Gush-Kert, Khalkin, Ryazdukhoy, Nikhaloy, Syuzhi, Bol'shiye Varandy, Tezvena, Yukerch-Keloy",1,1,41,0
9,7/1/2000,2000,Agishty,Shalinskiy,4,10,1,2,780,6.6592941,457,0,0,0,0,455,6.120297,0,4.7880001,1.566113,1,0,90,0,0,7,1,14,1,0,0,0,0,0,0,0,0,0,0,3,"Tevzena, Khatuni, Tauzen",1,0,90,0
9,7/1/2000,2000,Serzhen-Yurt,Shalinskiy,111,10,0,2,3244,8.0845623,4763,8,4,-4,0,325,5.7838249,0,5.2360001,1.655558,1,0,50,1,1,,,,,,,,,,,-1,1,0,0,1,Avtury,1,1,50,0
10,7/2/2000,2000,Shali,Shalinskiy,113,10,0,2,29011,10.27543,40356,6,6,0,0,227,5.4249501,0,4.3499999,1.470176,1,1,24,1,1,,,,,,,,,,,0,0,0,0,1,Germenchuk,1,1,24,0
10,7/2/2000,2000,Urus-Martan,Urus-Martanovskiy,136,14,1,2,41122,10.6243,39982,2,4,2,0,234,5.4553208,1,3.7739999,1.328135,0,1,90,0,1,0,0,0,0,0,0,0,2,1,1.098612,1,0,1,0,3,"Tangi, Goyskoye, Gekhi",1,0,90,0
11,7/5/2000,2000,Avarskoye,Shatoiskiy,11,11,0,3,125,4.8283138,100,0,0,0,0,787,6.6682281,0,1.421,.35136089,0,0,90,0,0,,,,,,,,,,,0,0,0,2,8,"Syuzhi, Shatoi, Khakkoy, Sovetskoye, Tavzena, Pamyatoy, Vashindoroy, Gargachi",1,0,90,0
11,7/5/2000,2000,Yermolovskiy,Groznenskiy,142,3,1,2,123,4.8121839,500,0,0,0,0,184,5.2149358,0,2.4075999,.8786304,0,0,90,0,0,1,1,3,1,0,0,0,0,0,0,0,0,0,0,3,"Kulary, Alkhan-Kala, Krasnopartizanskiy",1,0,90,0
12,7/17/2000,2000,Agishty,Shalinskiy,4,10,1,2,780,6.6592941,457,0,0,0,0,455,6.120297,0,4.7880001,1.566113,1,0,90,0,0,7,1,14,1,0,0,0,2,1,1.098612,0,0,0,0,3,"Tevzena, Khatuni, Tauzen",1,0,90,0
12,7/17/2000,2000,Sel'mentauzen,Vedenskiy,110,15,0,3,1021,6.9285378,930,0,1,1,0,796,6.6795988,0,.27559999,-1.288805,1,0,10,1,0,,,,,,,,,,,1,0,1,0,4,"Dutsu-Khote, Khvarshini, Tauzen, Kirov-Aul (Kirov-Yurt)",1,1,10,0
13,7/18/2000,2000,Alkhan-Kala,Groznenskiy,6,3,0,2,7787,8.9602108,10146,1,1,0,0,195,5.2729998,0,1.584,.45995331,0,0,23,1,0,,,,,,,,,,,0,0,0,0,5,"Krasnopartizanskiy, Yermolevskiy, Kulary, Kirova, Oktya'berskoe",1,1,23,0
13,7/18/2000,2000,Tsotan-Yurt,Shalinskiy,134,10,1,2,9064,9.1120663,15935,1,2,1,0,139,4.934474,0,3.77,1.327075,1,0,21,1,1,0,0,0,0,0,0,0,0,0,0,1,0,1,0,1,Geldagan,1,1,21,0
14,8/5/2000,2000,Novye Aldy,Groznenskiy,94,3,1,2,2500,7.8240461,2000,4,3,-1,0,150,5.0106349,0,1.5650001,.4478859,0,0,2,1,0,1,1,2,1,3,1,1.386294,0,0,0,-1,1,0,0,5,"Kirova, Groznyy (4)",1,1,2,0
14,8/5/2000,2000,Zakan-Yurt,Achkhoi-Martanovskiy,143,1,0,2,5464,8.6059361,4928,2,0,-2,0,284,5.6489739,0,3.7739999,1.328135,0,0,90,0,0,,,,,,,,,,,-1,1,0,0,3,"Kulary, Alkhan-Kala, Krasnopartizanskiy",1,0,90,0
15,8/6/2000,2000,Novye Aldy,Groznenskiy,94,3,1,2,2500,7.8240461,2000,4,3,-1,0,150,5.0106349,0,1.5650001,.4478859,0,0,1,1,0,1,1,2,1,3,1,1.386294,1,1,.69314718,-1,1,0,0,5,"Kirova, Groznyy (4)",1,1,1,0
15,8/6/2000,2000,Shaami-Yurt,Achkhoi-Martanovskiy,112,1,0,2,3636,8.1986399,3202,0,0,0,0,203,5.3132062,0,4.1269999,1.417551,0,0,90,0,0,,,,,,,,,,,0,0,0,0,3,"Shaami-Yurt, Valerik, Zakan-Yurt",1,0,90,0
16,8/6/2000,2000,Kirova,Naurskiy,68,8,0,1,2100,7.649693,2000,3,0,-3,0,161,5.0814042,1,3.4890001,1.249615,0,0,90,0,0,,,,,,,,,,,-1,1,0,0,1,Alkhan-Kala,1,0,90,0
16,8/6/2000,2000,Petropavlovskaya,Groznenskiy,102,3,1,2,3257,8.088562,3678,7,3,-4,0,116,4.7535901,1,6.1290002,1.813032,0,0,49,1,0,2,1,0,0,0,0,0,0,0,0,-1,1,0,0,1,Bol'shevik,1,1,49,0
17,9/2/2000,2000,Sharo-Argun,Vedenskiy,114,15,1,3,540,6.2915692,644,0,0,0,0,893,6.7945871,0,1.8,.58778661,1,0,90,0,0,0,0,6,1,34,1,3.5553479,0,0,0,0,0,0,0,6,"Ulus-Kert, Lakha-Varanda, Goychu, Dachu-Borzoi, Chishki, Duba-Yurt",1,0,90,0
17,9/2/2000,2000,Trekhgor'ye,Shalinskiy,131,10,0,2,569,6.3438811,650,0,0,0,0,548,6.3062749,0,3.704,1.309413,1,0,90,0,0,,,,,,,,,,,0,0,0,3,5,"Dachu-Borzoi, Yaryshmardy, Dagenduk, Kvemo Makhnety, Duba-Yurt",1,0,90,0
18,9/4/2000,2000,Kurchaloi,Kurchaloevskiy,72,6,0,2,12613,9.4424829,20857,3,6,3,0,202,5.3082681,0,3.244,1.176807,1,1,10,1,0,,,,,,,,,,,1,0,1,0,2,"Mayrtup, Geldagan",1,1,10,0
18,9/4/2000,2000,Starye Atagi,Groznenskiy,122,3,1,2,11205,9.3241158,10161,1,2,1,0,273,5.6094718,0,3.6689999,1.299919,0,1,36,1,1,0,0,0,0,10,1,2.3978951,0,0,0,1,0,1,0,2,"N. Atagi, Chiri-Yurt",1,1,36,0
19,9/6/2000,2000,Grozny (Leninskiy),Groznyy,74,2,1,1,18038,9.8002357,55311,21,15,-6,1,130,4.8675351,0,4.684,1.544152,0,1,3,1,1,5,1,7,1,11,1,2.4849069,0,0,0,-1,1,0,0,4,"Groznyy (3), Aldy",1,1,3,0
19,9/6/2000,2000,Staropomyslovskiy (Groznyy),Groznyy,121,2,0,1,20864,9.9457808,53395,16,13,-3,1,130,4.8675351,0,4.684,1.544152,0,1,3,1,0,,,,,,,,,,,-1,1,0,0,4,"Groznyy (3), Aldy",1,1,3,0
20,9/6/2000,2000,Avtury,Shalinskiy,12,10,0,2,10724,9.2802391,18330,3,2,-1,0,247,5.509388,0,5.2360001,1.655558,1,1,1,1,0,,,,,,,,,,,-1,1,0,0,1,Geldagan,1,1,1,0
20,9/6/2000,2000,Starye Atagi,Groznenskiy,122,3,1,2,11205,9.3241158,10161,1,2,1,0,273,5.6094718,0,3.6689999,1.299919,0,1,34,1,1,1,0,0,0,34,1,3.5553479,1,1,.69314718,1,0,1,0,2,"N. Atagi, Chiri-Yurt",1,1,34,0
21,9/8/2000,2000,Michurina,Groznenskiy,85,3,1,2,419,6.0378709,400,3,2,-1,0,109,4.6913481,0,1.244,.21833199,0,0,60,1,0,13,1,12,1,8,1,2.1972251,1,1,.69314718,-1,1,0,0,4,"Primykaniye, Berkat-Yurt, Tsentora-Yurt, Berdakel",1,1,60,0
21,9/8/2000,2000,Tashi,Kurchaloevskiy,126,6,0,2,587,6.3750248,700,0,0,0,0,674,6.5132298,0,3.1484001,1.146894,1,0,90,0,0,,,,,,,,,,,0,0,0,0,6,"Pervomayskaya, Morzoi-Mokhk, Achireshki, Shirdi-Mokhk, Agishbatoi, Mesedoy",1,0,90,0
22,9/9/2000,2000,Novogroznenskoi,Gudermesskiy,93,4,0,2,9426,9.151227,500,1,0,-1,0,56,4.025352,0,1.41,.34358969,1,1,90,0,0,,,,,,,,,,,-1,1,0,0,2,"Noybera, Tsentoroy",1,0,90,0
22,9/9/2000,2000,Tsotan-Yurt,Shalinskiy,134,10,1,2,9064,9.1120663,15935,3,1,-2,0,139,4.934474,0,3.77,1.327075,1,0,70,1,1,8,1,5,1,3,1,1.386294,1,1,.69314718,-1,1,0,0,1,Geldagan,1,1,70,0
23,9/11/2000,2000,Gekhi (Blagodatnoye),Urus-Martanovskiy,43,14,0,2,10717,9.2795868,9693,5,2,-3,0,222,5.402678,0,5.4660001,1.698547,0,0,71,1,1,,,,,,,,,,,-1,1,0,0,0,,1,1,71,0
23,9/11/2000,2000,Novye Atagi,Shalinskiy,95,10,1,2,9311,9.1389513,8741,0,1,1,0,266,5.5834961,0,3.086,1.126876,1,0,21,1,0,0,0,0,0,3,1,1.386294,0,0,0,1,0,1,0,1,Starye Atagi,1,1,21,0
24,9/15/2000,2000,Alkhazurovo,Urus-Martanovskiy,8,14,0,2,5365,8.5876513,5500,0,0,0,0,389,5.9635792,0,2.4389999,.89158809,0,0,90,0,1,,,,,,,,,,,0,0,0,0,4,"Goichu, Nagayeva, Starye Ataghi, Lakha-Varanda",1,0,90,0
24,9/15/2000,2000,Tangy-Chu,Urus-Martanovskiy,125,14,1,2,1624,7.3926482,270,0,0,0,0,322,5.7745509,0,3.2249999,1.170933,0,0,90,0,0,0,0,0,0,2,1,1.098612,0,0,0,0,0,0,2,3,"Roshni-Chu, Bakin, Shinin-Chu",1,0,90,0
25,9/21/2000,2000,Michurina,Groznenskiy,85,3,1,2,419,6.0378709,400,2,2,0,0,109,4.6913481,0,1.244,.21833199,0,0,73,1,0,1,1,0,0,1,1,.69314718,0,0,0,0,0,0,0,4,"Primykaniye, Berkat-Yurt, Tsentora-Yurt, Berdakel",1,1,73,0
25,9/21/2000,2000,Podgornyy,Nadterechny,103,7,0,1,1417,7.2562971,2000,0,0,0,0,216,5.375278,1,1.9,.64185393,0,0,90,0,0,,,,,,,,,,,0,0,0,0,2,"Staryy Poselok, Pervomayskaya",1,0,90,0
26,9/24/2000,2000,Argun,Shalinskiy,9,10,1,1,23102,10.04767,25698,2,2,0,0,117,4.7621741,0,1.699,.53003979,1,1,7,1,1,15,1,42,1,3,1,1.386294,0,0,0,0,0,0,0,2,"Berdakel, Mesker-Yurt",1,1,7,0
26,9/24/2000,2000,Shali,Shalinskiy,113,10,0,2,29011,10.27543,40356,5,6,1,0,227,5.4249501,0,4.3499999,1.470176,1,1,10,1,0,,,,,,,,,,,1,0,1,0,1,Germenchuk,1,1,10,0
27,10/27/2000,2000,Khatuni,Vedenskiy,64,15,1,3,1613,7.3858509,1442,0,0,0,0,614,6.4199948,0,2.1619999,.7710337,1,0,90,0,0,1,1,0,0,1,1,.69314718,0,0,0,0,0,0,0,3,"Makhkety, Agishty, Tevzena",1,0,90,0
27,10/27/2000,2000,Tevzena,Vedenskiy,129,15,0,3,1699,7.4377952,1533,0,0,0,0,572,6.3491392,0,.60720003,-.49889699,1,0,90,0,0,,,,,,,,,,,0,0,0,0,4,"Tauzen, Agishty, Khatuni, Makhkety",1,0,90,0
28,11/2/2000,2000,Gansolchu,Nozhai-Yurtovskiy,40,9,1,3,823,6.712956,1000,0,0,0,0,738,6.6039438,0,1.8,.58778661,1,0,90,0,0,0,0,0,0,2,1,1.098612,1,1,.69314718,0,0,0,0,5,"Akhkinchu-Barze, Yalkhoy-Mokhk, Malyye Shuani, Turty-Khutor, Shena",1,0,90,0
28,11/2/2000,2000,Sovetskoye,Shatoiskiy,118,11,0,3,1103,7.0057888,1000,0,0,0,0,526,6.2653012,0,1.6668,.51090562,0,0,90,0,0,,,,,,,,,,,0,0,0,2,6,"Shatoi, Khakkoy, Vashindoroy, Pamyatoy, Gargachi, Yukerch-Keloy",1,0,90,0
29,11/25/2000,2000,Grozny  (Zavodskiy),Groznyy,144,2,1,1,11783,9.3744125,51084,18,20,2,1,130,4.8675351,0,4.684,1.544152,0,1,6,1,0,3,1,0,0,5,1,1.791759,0,0,0,1,0,1,0,4,"Groznyy (3), Aldy",1,1,6,0
29,11/25/2000,2000,Oktyabr'skiy (Groznyy),Groznyy,97,2,0,1,16520,9.712327,50930,14,14,0,1,130,4.8675351,0,4.684,1.544152,0,1,4,1,0,,,,,,,,,,,0,0,0,0,4,"Groznyy (3), Aldy",1,1,4,0
30,11/27/2000,2000,Borzoi,Shatoiskiy,20,11,0,3,4313,8.3693886,4209,1,0,-1,0,919,6.8232861,0,.926,-.076880999,0,0,90,0,0,,,,,,,,,,,-1,1,0,3,5,"Ryadukhoy, Nikhaloy, Tavzena, Gargachi, Khalkin",1,0,90,0
30,11/27/2000,2000,Makhkety,Vedenskiy,77,15,1,3,3495,8.1590891,3262,1,0,-1,0,649,6.4754329,0,1.676,.51640999,1,0,90,0,0,1,1,1,1,3,1,1.386294,0,0,0,-1,1,0,0,6,"Tevzena, Sel'mentauzen, Tauzen, Khatuni, Khvarshini, Dutsu-Khote",1,0,90,0
31,11/27/2000,2000,Mesker-Yurt,Shalinskiy,84,10,1,2,7674,8.9455929,11123,1,0,-1,0,135,4.9052749,0,6.0640001,1.80237,1,0,90,0,0,1,1,3,1,21,1,3.091043,0,0,0,-1,1,0,0,0,,1,0,90,0
31,11/27/2000,2000,Tolstoy-Yurt,Groznenskiy,130,3,0,2,6934,8.8441935,7755,4,0,-4,0,149,5.0039458,1,1.226,.20375679,1,1,90,0,0,,,,,,,,,,,-1,1,0,0,2,"Goryacheistochnenskaya, Vinogradnoye",1,0,90,0
32,11/29/2000,2000,Dyshne-Vedeno,Vedenskiy,33,15,1,3,3572,8.1808805,3323,0,0,0,0,774,6.6515722,0,2.2850001,.82636613,1,0,90,0,0,1,1,3,1,1,1,.69314718,0,0,0,0,0,0,0,6,"Neftyanoye, Vedeno, Ersenoi, Tazen-Kale, Agish-batoi, Zhani-Vedeno",1,0,90,0
32,11/29/2000,2000,Vedeno,Vedenskiy,138,15,0,3,1512,7.321188,1469,5,6,1,0,702,6.5539341,0,1.331,.28593051,1,0,8,1,0,,,,,,,,,,,1,0,1,0,7,"Oktya'brskoe, Agishbatoi, Dyshne-Vedeno, Neftyanoye, Tazen-Kale, Eshilkhatoy, Ersenoi",1,1,8,0
33,12/9/2000,2000,Staropomyslovskiy (Groznyy),Groznyy,121,2,0,1,20864,9.9457808,53395,17,20,3,1,130,4.8675351,0,4.684,1.544152,0,1,9,1,1,,,,,,,,,,,1,0,1,0,4,"Groznyy (3), Aldy",1,1,9,0
33,12/9/2000,2000,Urus-Martan,Urus-Martanovskiy,136,14,1,2,41122,10.6243,39982,4,4,0,0,234,5.4553208,1,3.7739999,1.328135,0,1,1,1,1,0,0,4,1,12,1,2.564949,1,1,.69314718,0,0,0,0,3,"Tangi,, Goyskoye, Gekhi",1,1,1,0
34,12/13/2000,2000,Aslanbek-Sherpivo,Vedenskiy,10,15,0,3,204,5.31812,200,0,0,0,0,986,6.8936558,0,.74080002,-.3000246,1,0,90,0,0,,,,,,,,,,,0,0,0,0,4,"Musolt-Aul, Marshen-Keli, Benoy, Musen-Kale",1,0,90,0
34,12/13/2000,2000,Urus-Martan,Urus-Martanovskiy,136,14,1,2,41122,10.6243,39982,4,4,0,0,234,5.4553208,1,3.7739999,1.328135,0,1,13,1,1,0,0,4,1,12,1,2.564949,0,0,0,0,0,0,0,3,"Tangi,, Goyskoye, Gekhi",1,1,13,0
35,12/15/2000,2000,Goity,Urus-Martanovskiy,50,14,0,2,11492,9.3494062,13221,4,0,-4,0,217,5.3798971,0,4.6570001,1.538371,0,0,90,0,1,,,,,,,,,,,-1,1,0,0,1,Michurina,1,0,90,0
35,12/15/2000,2000,Makhkety,Vedenskiy,77,15,1,3,3495,8.1590891,3262,1,0,-1,0,649,6.4754329,0,1.676,.51640999,1,0,90,0,0,3,1,5,1,0,0,0,1,1,.69314718,-1,1,0,0,6,"Tevzena, Sel'mentauzen, Tauzen, Khatuni, Khvarshini, Dutsu-Khote",1,0,90,0
36,12/20/2000,2000,Avtury,Shalinskiy,12,10,0,2,10724,9.2802391,18330,3,2,-1,0,247,5.509388,0,5.2360001,1.655558,1,1,56,1,0,,,,,,,,,,,-1,1,0,0,1,Geldagan,1,1,56,0
36,12/20/2000,2000,Grozny (Leninskiy),Groznyy,74,2,1,1,18038,9.8002357,55311,27,22,-5,1,130,4.8675351,0,4.684,1.544152,0,1,1,1,1,10,1,12,1,1,1,.69314718,1,1,.69314718,-1,1,0,0,4,"Groznyy (3), Aldy",1,1,1,0
37,1/24/2001,2001,Chechen-Aul,Groznenskiy,22,3,0,2,6281,8.7452841,7118,2,5,3,0,202,5.3082681,0,6.4920001,1.870571,0,0,3,1,1,,,,,,,,,,,1,0,1,0,0,,1,1,3,0
37,1/24/2001,2001,Novye Atagi,Shalinskiy,95,10,1,2,9311,9.1389513,8741,0,2,2,0,266,5.5834961,0,3.086,1.126876,1,0,48,1,1,0,0,0,0,0,0,0,1,1,.69314718,1,0,1,0,1,Starye Atagi,1,1,48,0
38,1/26/2001,2001,Dutsu-khote,Vedenskiy,31,15,1,3,400,5.9914651,500,0,0,0,0,983,6.8906088,0,1.4816,.39312261,1,0,90,0,0,0,0,0,0,0,0,0,0,0,0,0,0,0,2,6,"Sel'mentauzen, Khvarshini, Nyukhoy, Makhkety, Bukuzi, Tauzen",1,0,90,0
38,1/26/2001,2001,Vedeno,Vedenskiy,138,15,0,3,1512,7.321188,1469,7,7,0,0,702,6.5539341,0,1.331,.28593051,1,0,17,1,0,,,,,,,,,,,0,0,0,0,7,"Oktya'brskoe, Agishbatoi, Dyshne-Vedeno, Neftyanoye, Tazen-Kale, Eshilkhatoy, Ersenoi",1,1,17,0
39,1/26/2001,2001,Musolt-Aul,Vedenskiy,87,15,0,3,482,6.1779442,500,0,0,0,0,1139,7.0379062,0,.74080002,-.3000246,1,0,90,0,0,,,,,,,,,,,0,0,0,1,6,"Benoy, Aslanbek-Sheripovo, Marshen-Kali, Khal-kiloy, Bogatovka, Tauzen",1,0,90,0
39,1/26/2001,2001,Ulus-Kert,Shatoiskiy,135,11,1,3,303,5.7137332,700,0,0,0,0,1083,6.9874902,0,3.704,1.309413,0,0,90,0,0,2,1,0,0,0,0,0,0,0,0,0,0,0,3,4,"Yaryshmardy, Degenduk, Dachu-Borzoi, Kvemo Makhketey",1,0,90,0
40,2/5/2001,2001,Alkhan-Kala,Groznenskiy,6,3,1,2,7787,8.9602108,10146,1,1,0,0,195,5.2729998,0,1.584,.45995331,0,0,76,1,1,0,0,7,1,10,1,2.3978951,0,0,0,0,0,0,0,5,"Krasnopartizanskiy, Yermolevskiy, Kulary, Kirova, Oktya'berskoe",1,1,76,0
40,2/5/2001,2001,Dai,Shatoiskiy,27,11,0,3,250,5.521461,250,0,0,0,0,688,6.5337892,0,5.2129998,1.651155,0,0,90,0,1,,,,,,,,,,,0,0,0,4,11,"Irzugu, Sharoargun, Nuiduk, Marshen-Kali, Bogatovka, Musolt-Aul, Khal-Kiloy, Aslanbek-Sheripovo, Benoy, Yukerch-Keloy, Dekhesty",1,0,90,0
41,2/7/2001,2001,Geldagan (Gel'dygen),Kurchaloevskiy,45,6,0,2,6401,8.7642097,11875,0,0,0,0,162,5.0875959,0,4.2610002,1.449504,1,0,90,0,1,,,,,,,,,,,0,0,0,0,2,"Tsotsin-Yurt, Kurchaloi",1,0,90,0
41,2/7/2001,2001,Zakan-Yurt,Achkhoi-Martanovskiy,143,1,1,2,5464,8.6059361,4928,0,0,0,0,284,5.6489739,0,3.7739999,1.328135,0,0,90,0,0,0,0,0,0,0,0,0,0,0,0,0,0,0,0,3,"Kulary, Alkhan-Kala, Krasnopartizanskiy",1,0,90,0
42,2/14/2001,2001,Ilaskhan-Yurt,Gudermesskiy,57,4,0,2,3713,8.2195959,4486,0,2,2,0,138,4.9272542,0,6.1115999,1.810189,1,0,40,1,0,,,,,,,,,,,1,0,1,0,0,,1,1,40,0
42,2/14/2001,2001,Martan-Chu,Urus-Martanovskiy,81,14,1,2,3917,8.2730818,5373,0,0,0,0,321,5.771441,0,3.579,1.2750829,0,0,90,0,1,0,0,0,0,1,1,.69314718,0,0,0,0,0,0,1,6,"Shinin-Chu, Urus-Martan, Goyskoye, Komsomol'skoye, Tangi, Goichu",1,0,90,0
43,2/14/2001,2001,Nizhny Dai,Shatoiskiy,92,11,1,3,450,6.1092482,500,0,0,0,0,640,6.4614682,0,.55000001,-.59783697,0,0,90,0,0,0,0,1,1,1,1,.69314718,0,0,0,0,0,0,4,5,"Kharsenoi, Bizhduk, Marhstan-Chu, Beti-Irzu, Murseil-Duk",1,0,90,0
43,2/14/2001,2001,Ortsi-Yurt,Nozhai-Yurtovskiy,99,9,0,3,470,6.1527328,500,0,0,0,0,672,6.5102582,0,2.5999999,.95551139,1,0,90,0,0,,,,,,,,,,,0,0,0,1,4,"Bas-Gordiali, Gezenchu, Tsentoroy, S. Kurchali",1,0,90,0
44,4/7/2001,2001,Gikalo,Groznenskiy,47,3,0,2,4017,8.2982903,5119,1,2,1,0,185,5.220356,0,3.4330001,1.233435,0,0,54,1,0,,,,,,,,,,,1,0,1,0,6,"Groznyy (all districts), Prigorodnoye, Aldy",1,1,54,0
44,4/7/2001,2001,Grozny (Zavodskiy),Groznyy,144,2,1,1,11783,9.3744125,51084,22,20,-2,1,130,4.8675351,0,4.684,1.544152,0,1,3,1,0,2,1,2,1,7,1,2.079442,1,1,.69314718,-1,1,0,0,4,"Groznyy (3), Aldy",1,1,3,0
45,4/17/2001,2001,Grozny (Leninskiy),Groznyy,74,2,1,1,18308,9.815093,55311,23,20,-3,1,130,4.8675351,0,4.684,1.544152,0,1,5,1,0,0,0,0,0,2,1,1.098612,2,1,1.098612,-1,1,0,0,4,"Groznyy (3), Aldy",1,1,5,0
45,4/17/2001,2001,Oktyabr'skiy (Groznyy),Groznyy,97,2,0,1,16520,9.712327,50930,16,12,-4,1,130,4.8675351,0,4.684,1.544152,0,1,6,1,0,,,,,,,,,,,-1,1,0,0,4,"Groznyy (3), Aldy",1,1,6,0
46,4/18/2001,2001,Borzoi,Shatoiskiy,20,11,0,3,4313,8.3693886,4209,0,1,1,0,919,6.8232861,0,.926,-.076880999,0,0,12,1,0,,,,,,,,,,,1,0,1,3,5,"Ryadukhoy, Nikhaloy, Tavzena, Gargachi, Khalkin",1,1,12,0
46,4/18/2001,2001,Starye Atagi,Groznenskiy,122,3,1,2,11205,9.3241158,10161,1,0,-1,0,273,5.6094718,0,3.6689999,1.299919,0,1,90,0,0,1,1,0,0,34,1,3.5553479,2,1,1.098612,-1,1,0,0,2,"N. Atagi, Chiri-Yurt",1,0,90,0
47,5/14/2001,2001,Grozny (Leninskiy),Groznyy,74,2,1,1,18308,9.815093,55311,19,15,-4,1,130,4.8675351,0,4.684,1.544152,0,1,14,1,1,3,1,2,1,0,0,0,3,1,1.386294,-1,1,0,0,4,"Groznyy (3), Aldy",1,1,14,0
47,5/14/2001,2001,Pervomayskaya,Groznenskiy,101,3,0,2,4106,8.3202047,5015,0,1,1,0,167,5.1179938,0,2.2030001,.78982008,0,0,29,1,0,,,,,,,,,,,1,0,1,0,3,"Sadovoye, Podgornyy, Staryy Poselok",1,1,29,0
48,5/17/2001,2001,Guni,Vedenskiy,55,15,0,3,710,6.5652652,1000,0,0,0,0,678,6.5191469,0,3.1484001,1.146894,1,0,90,0,0,,,,,,,,,,,0,0,0,0,6,"Pervomayskaya, Morzoi-Mokhk, Achireshki, Sherdi-Mokhk, Agish-Batoi, Mesedoy",1,0,90,0
48,5/17/2001,2001,Starye Atagi,Groznenskiy,122,3,1,2,11205,9.3241158,10161,0,0,0,0,273,5.6094718,0,3.6689999,1.299919,0,1,90,0,1,0,0,0,0,10,1,2.3978951,3,1,1.386294,0,0,0,0,2,"N. Atagi, Chiri-Yurt",1,0,90,0
49,5/18/2001,2001,Argun,Shalinskiy,9,10,1,1,23102,10.04767,25698,6,0,-6,0,117,4.7621741,0,1.699,.53003979,1,1,90,0,1,3,1,0,0,5,1,1.791759,1,1,.69314718,-1,1,0,0,2,"Berdakel, Mesker-Yurt",1,0,90,0
49,5/18/2001,2001,Shali,Shalinskiy,113,10,0,2,29011,10.27543,40356,10,10,0,0,227,5.4249501,0,4.3499999,1.470176,1,1,2,1,1,,,,,,,,,,,0,0,0,0,1,Germenchuk,1,1,2,0
50,5/19/2001,2001,Roshni-chu,Urus-Martanovskiy,107,14,0,2,4435,8.3972826,5100,1,2,1,0,357,5.8777361,0,3.7750001,1.3284,0,0,17,1,0,,,,,,,,,,,1,0,1,0,4,"Urus-Martan, Avstrichu, Tangi, Gekhi-Chu",1,1,17,0
50,5/19/2001,2001,Starye Atagi,Groznenskiy,122,3,1,2,11205,9.3241158,10161,0,0,0,0,273,5.6094718,0,3.6689999,1.299919,0,1,90,0,1,1,1,0,0,34,1,3.5553479,4,1,1.6094379,0,0,0,0,2,"N. Atagi, Chiri-Yurt",1,0,90,0
51,5/25/2001,2001,Michurina,Groznenskiy,85,3,1,2,419,6.0378709,400,0,0,0,0,109,4.6913481,0,1.244,.21833199,0,0,90,0,0,4,1,0,0,50,1,3.9318261,5,1,1.791759,0,0,0,0,4,"Primykaniye, Berkat-Yurt, Tsentora-Yurt, Berdakel",1,0,90,0
51,5/25/2001,2001,Nikolaevskaya,Naurskiy,91,8,0,1,1679,7.4259539,2250,0,0,0,0,58,4.0604429,1,2.5927999,.95273829,0,0,90,0,0,,,,,,,,,,,0,0,0,0,1,Starye Yurt,1,0,90,0
52,6/10/2001,2001,Shaami-Yurt,Achkhoi-Martanovskiy,112,1,1,2,3636,8.1986399,3202,0,0,0,0,203,5.3132062,0,4.1269999,1.417551,0,0,90,0,0,1,1,3,1,0,0,0,0,0,0,0,0,0,0,3,"Shaami-Yurt, Valerik, Zakan-Yurt",1,0,90,0
52,6/10/2001,2001,Tsa-Vedeno,Vedenskiy,132,15,0,3,1502,7.3145528,1256,3,6,3,0,603,6.401917,0,1.925,.65492588,1,0,19,1,1,,,,,,,,,,,1,0,1,1,7,"Mesedoy, Verkhatoy, Pervomayskaya, Agishbatoi, Elishtanzhi, Eshilkhatoy, Oktya'brskoe",1,1,19,0
53,6/12/2001,2001,Alkhazurovo,Urus-Martanovskiy,8,14,0,2,5365,8.5876513,5500,0,1,1,0,389,5.9635792,0,2.4389999,.89158809,0,0,47,1,0,,,,,,,,,,,1,0,1,0,4,"Goichu, Nagayeva, Starye Ataghi, Lakha-Varanda",1,1,47,0
53,6/12/2001,2001,Starye Atagi,Groznenskiy,122,3,1,2,11205,9.3241158,10161,0,0,0,0,273,5.6094718,0,3.6689999,1.299919,0,1,90,0,1,1,1,0,0,34,1,3.5553479,5,1,1.791759,0,0,0,0,2,"N. Atagi, Chiri-Yurt",1,0,90,0
54,6/22/2001,2001,Achkoi-Martan,Achkhoi-Martanovskiy,2,1,1,2,20350,9.9208364,16742,3,1,-2,0,246,5.505332,0,4.6700001,1.541159,0,1,16,1,0,0,0,3,1,1,1,.69314718,0,0,0,-1,1,0,0,1,Valerik,1,1,16,0
54,6/22/2001,2001,Gudermes,Gudermesskiy,54,4,0,2,33578,10.42163,33756,13,11,-2,0,48,3.871201,0,8.6739998,2.1603301,1,1,1,1,0,,,,,,,,,,,-1,1,0,0,0,,1,1,1,0
55,6/22/2001,2001,Gekhi (Blagodatnoye),Urus-Martanovskiy,43,14,0,2,10717,9.2795868,9693,7,7,0,0,222,5.402678,0,5.4660001,1.698547,0,0,26,1,1,,,,,,,,,,,0,0,0,0,0,,1,1,26,0
55,6/22/2001,2001,Makhkety,Vedenskiy,77,15,1,3,3495,8.1590891,3262,0,0,0,0,649,6.4754329,0,1.676,.51640999,1,0,90,0,0,3,1,5,1,0,0,0,2,1,1.098612,0,0,0,0,6,"Tevzena, Sel'mentauzen, Tauzen, Khatuni, Khvarshini, Dutsu-Khote",1,0,90,0
56,8/3/2001,2001,Kurchaloi,Kurchaloevskiy,72,6,0,2,12613,9.4424829,20857,2,5,3,0,202,5.3082681,0,3.244,1.176807,1,1,26,1,1,,,,,,,,,,,1,0,1,0,2,"Mayrtup, Geldagan",1,1,26,0
56,8/3/2001,2001,Starye Atagi,Groznenskiy,122,3,1,2,11205,9.3241158,10161,0,1,1,0,273,5.6094718,0,3.6689999,1.299919,0,1,65,1,1,1,1,0,0,34,1,3.5553479,6,1,1.94591,1,0,1,0,2,"N. Atagi, Chiri-Yurt",1,1,65,0
57,10/10/2001,2001,Duba-Yurt,Shalinskiy,30,10,1,2,955,6.861712,5738,0,0,0,0,372,5.9188938,0,3.02,1.105257,1,0,90,0,1,0,0,4,1,7,1,2.079442,0,0,0,0,0,0,0,5,"Lahka-Varandy, Dachu-Borzoi, Goychu, Sharo-Argun, Chishki",1,0,90,0
57,10/10/2001,2001,Goryacheistochnenskaya,Groznenskiy,51,3,0,2,1002,6.9097528,,0,0,0,0,287,5.659482,0,1.8,.58778661,0,1,90,0,0,,,,,,,,,,,0,0,0,0,2,"Tolstoy-Yurt, Petropavlovskaya",1,0,90,0
58,10/12/2001,2001,Benoy,Vedenskiy,16,15,0,3,52,3.9512441,100,0,0,0,0,432,6.0684261,0,4.1669998,1.427196,1,0,90,0,0,,,,,,,,,,,0,0,0,3,6,"Sterch-Kerch, Benoy-Vedeno, Lem-Korts, Alkhan-Khutor, Gendergen, Dargo",1,0,90,0
58,10/12/2001,2001,Isti-Su,Gudermesskiy,59,15,1,3,69,4.234107,100,0,0,0,0,657,6.4876838,0,1.4816,.39312261,1,0,90,0,0,0,0,2,0,0,0,0,0,0,0,0,0,0,0,2,"Gudermes, Ilaskhan-Yurt",1,0,90,0
59,10/27/2001,2001,Goity,Urus-Martanovskiy,50,14,1,2,11492,9.3494062,13221,0,0,0,0,217,5.3798971,0,4.6570001,1.538371,0,0,90,0,1,2,1,4,1,0,0,0,0,0,0,0,0,0,0,1,Michurina,1,0,90,0
59,10/27/2001,2001,Staropomyslovskiy (Groznyy),Groznyy,121,2,0,1,20864,9.9457808,53395,11,12,1,1,130,4.8675351,0,4.684,1.544152,0,1,18,1,0,,,,,,,,,,,1,0,1,0,4,"Groznyy (3), Aldy",1,1,18,0
60,11/1/2001,2001,Khal-Keloi,Shatoiskiy,60,11,0,3,500,6.2146082,500,0,0,0,0,1026,6.933423,0,1.8,.58778661,0,0,90,0,0,,,,,,,,,,,0,0,0,0,5,"Musolt-Aul, Marshen-Kali, Sharo-Argun, Dakin-Duk, Irzugu",1,0,90,0
60,11/1/2001,2001,Michurina,Groznenskiy,85,3,1,2,419,6.0378709,400,1,0,-1,0,109,4.6913481,0,1.244,.21833199,0,0,90,0,0,1,1,0,0,0,0,0,2,1,1.098612,-1,1,0,0,4,"Primykaniye, Berkat-Yurt, Tsentora-Yurt, Berdakel",1,0,90,0
61,11/3/2001,2001,Oktya'brskoe,Vedenskiy,98,15,0,3,2724,7.9098568,4000,9,10,1,0,667,6.50279,0,1.4816,.39312261,1,0,17,1,0,,,,,,,,,,,1,0,1,0,5,"Vedeno, Neftyanoye, Dyshne-Vedeno, Eshilkhatoy, Elistanzhi",1,1,17,0
61,11/3/2001,2001,Serzhen-Yurt,Shalinskiy,111,10,1,2,3244,8.0845623,4763,3,2,-1,0,325,5.7838249,0,5.2360001,1.655558,1,0,45,1,1,1,1,1,1,6,1,1.94591,0,0,0,-1,1,0,0,1,Avtury,1,1,45,0
62,11/8/2001,2001,Argun,Shalinskiy,9,10,1,1,23102,10.04767,25698,3,1,-2,0,117,4.7621741,0,1.699,.53003979,1,1,33,1,1,15,1,42,1,3,1,1.386294,2,1,1.098612,-1,1,0,0,2,"Berdakel, Mesker-Yurt",1,1,33,0
62,11/8/2001,2001,Shali,Shalinskiy,113,10,0,2,29011,10.27543,40356,19,15,-4,0,227,5.4249501,0,4.3499999,1.470176,1,1,6,1,1,,,,,,,,,,,-1,1,0,0,1,Germenchuk,1,1,6,0
63,11/14/2001,2001,Marshen-Kali,Vedenskiy,80,15,0,3,500,6.2146082,500,0,0,0,0,1139,7.0379062,0,.74080002,-.3000246,1,0,90,0,0,,,,,,,,,,,0,0,0,1,7,"Khal-Keloi, Musolt-Aul, Aslanbek-Sheripovo, Benoy, Bogatovka, Tauzen, Yukerch-Keloi",1,0,90,0
63,11/14/2001,2001,Michurina,Groznenskiy,85,3,1,2,419,6.0378709,400,1,0,-1,0,109,4.6913481,0,1.244,.21833199,0,0,90,0,0,1,1,0,0,0,0,0,3,1,1.386294,-1,1,0,0,4,"Primykaniye, Berkat-Yurt, Tsentora-Yurt, Berdakel",1,0,90,0
64,11/26/2001,2001,Gekhi (Blagodatnoye),Urus-Martanovskiy,43,14,0,2,10717,9.2795868,9693,5,5,0,0,222,5.402678,0,5.4660001,1.698547,0,0,13,1,0,,,,,,,,,,,0,0,0,0,0,,1,1,13,0
64,11/26/2001,2001,Michurina,Groznenskiy,85,3,1,2,419,6.0378709,400,1,0,-1,0,109,4.6913481,0,1.244,.21833199,0,0,90,0,0,0,0,3,1,3,1,1.386294,4,1,1.6094379,-1,1,0,0,4,"Primykaniye, Berkat-Yurt, Tsentora-Yurt, Berdakel",1,0,90,0
65,12/19/2001,2001,Alkhan-Kala,Groznenskiy,6,3,1,2,7787,8.9602108,10146,0,0,0,0,195,5.2729998,0,1.584,.45995331,0,0,90,0,0,0,0,7,1,10,1,2.3978951,1,1,.69314718,0,0,0,0,5,"Krasnopartizanskiy, Yermolevskiy, Kulary, Kirova, Oktya'berskoe",1,0,90,0
65,12/19/2001,2001,Alkhan-Yurt,Urus-Martanovskiy,7,14,0,2,8040,8.9921846,9000,3,2,-1,0,165,5.1059461,0,2.6270001,.96584249,0,1,41,1,1,,,,,,,,,,,-1,1,0,0,4,"Krasnopartizanskiy, Kulary, Alkhan-Kala, Kirova",1,1,41,0
66,1/23/2002,2002,Argun,Shalinskiy,9,10,1,1,23102,10.04767,25698,3,1,-2,0,117,4.7621741,0,1.699,.53003979,1,1,51,1,1,2,1,3,1,10,1,2.3978951,3,1,1.386294,-1,1,0,0,2,"Berdakel, Mesker-Yurt",1,1,51,0
66,1/23/2002,2002,Avtury,Shalinskiy,12,10,0,2,10724,9.2802391,18330,3,2,-1,0,247,5.509388,0,5.2360001,1.655558,1,1,55,1,1,,,,,,,,,,,-1,1,0,0,1,Geldagan,1,1,55,0
67,2/12/2002,2002,Novogroznenskoi,Gudermesskiy,93,4,0,2,9426,9.151227,500,0,1,1,0,56,4.025352,0,1.41,.34358969,1,1,33,1,1,,,,,,,,,,,1,0,1,0,2,"Noybera, Tsentoroy",1,1,33,0
67,2/12/2002,2002,Tsotan-Yurt,Shalinskiy,134,10,1,2,9064,9.1120663,15935,3,6,3,0,139,4.934474,0,3.77,1.327075,1,0,19,1,1,8,1,0,0,3,1,1.386294,2,1,1.098612,1,0,1,0,1,Geldagan,1,1,19,0
68,2/27/2002,2002,Dai,Shatoiskiy,27,11,0,3,250,5.521461,250,0,1,1,0,688,6.5337892,0,5.2129998,1.651155,0,0,82,1,1,,,,,,,,,,,1,0,1,4,11,"Irzugu, Sharoargun, Nuiduk, Marshen-Kali, Bogatovka, Musolt-Aul, Khal-Kiloy, Aslanbek-Sheripovo, Benoy, Yukerch-Keloy, Dekhesty",1,1,82,0
68,2/27/2002,2002,Vedeno,Vedenskiy,138,15,1,3,1512,7.321188,1469,0,0,0,0,702,6.5539341,0,1.331,.28593051,1,0,90,0,0,0,0,0,0,0,0,0,0,0,0,0,0,0,0,7,"Oktya'brskoe, Agishbatoi, Dyshne-Vedeno, Neftyanoye, Tazen-Kale, Eshilkhatoy, Ersenoi",1,0,90,0
69,4/16/2002,2002,Gargachi,Shatoiskiy,41,11,1,3,469,6.1506028,500,0,0,0,0,823,6.712956,0,.60000002,-.51082557,0,0,90,0,0,2,1,1,1,0,0,0,0,0,0,0,0,0,4,10,"Khakkoy, Shatoi, Sovetskoye, Khalkin, Vashindoroy, Nikhaloy, Tevzena, Borzoi, Ryadukhoy, Pamyatoy",1,0,90,0
69,4/16/2002,2002,Gikalo,Groznenskiy,47,3,0,2,4017,8.2982903,5119,2,1,-1,0,185,5.220356,0,3.4330001,1.233435,0,0,2,1,1,,,,,,,,,,,-1,1,0,0,6,"Groznyy (all districts), Prigorodnoye, Aldy",1,1,2,0
70,5/16/2002,2002,Alkhazurovo,Urus-Martanovskiy,8,14,1,2,5365,8.5876513,5500,0,2,2,0,389,5.9635792,0,2.4389999,.89158809,0,0,17,1,0,0,0,2,1,5,1,1.791759,0,0,0,1,0,1,0,4,"Goichu, Nagayeva, Starye Ataghi, Lakha-Varanda",1,1,17,0
70,5/16/2002,2002,Prigorodny,Groznenskiy,104,3,0,2,2892,7.9697042,4852,0,0,0,0,187,5.2311091,0,.63209999,-.45870769,0,0,90,0,1,,,,,,,,,,,0,0,0,0,5,"Gikalovskiy, Chechen-Aul, Berdakel, Khankala, Novye Aldy",1,0,90,0
71,8/8/2002,2002,Dzhalka,Gudermesskiy,34,4,1,2,5390,8.5923004,6292,0,0,0,0,83,4.4188399,0,1.15,.13976189,1,1,90,0,0,0,0,0,0,4,1,1.6094379,0,0,0,0,0,0,2,3,"Kerla-Engeroy, Turlova, Il'inskaya",1,0,90,0
71,8/8/2002,2002,Staropomyslovskiy (Groznyy),Groznyy,121,2,0,1,20864,9.9457808,53395,7,8,1,1,130,4.8675351,0,4.684,1.544152,0,1,22,1,1,,,,,,,,,,,1,0,1,0,4,"Groznyy (3), Aldy",1,1,22,0
72,8/8/2002,2002,Gekhi (Blagodatnoye),Urus-Martanovskiy,43,14,0,2,10717,9.2795868,9693,0,2,2,0,222,5.402678,0,5.4660001,1.698547,0,0,8,1,0,,,,,,,,,,,1,0,1,0,0,,1,1,8,0
72,8/8/2002,2002,Novye Atagi,Shalinskiy,95,10,1,2,9311,9.1389513,8741,0,0,0,0,266,5.5834961,0,3.086,1.126876,1,0,90,0,1,5,1,12,1,5,1,1.791759,2,1,1.098612,0,0,0,0,1,Starye Atagi,1,0,90,0
73,8/14/2002,2002,Gudermes,Gudermesskiy,54,4,0,2,33578,10.42163,33756,3,7,4,0,48,3.871201,0,8.6739998,2.1603301,1,1,2,1,0,,,,,,,,,,,1,0,1,0,0,,1,1,2,0
73,8/14/2002,2002,Shali,Shalinskiy,113,10,1,2,29011,10.27543,40356,9,2,-7,0,227,5.4249501,0,4.3499999,1.470176,1,1,19,1,0,3,1,8,1,3,1,1.386294,0,0,0,-1,1,0,0,1,Germenchuk,1,1,19,0
74,8/19/2002,2002,Elistanzhi,Vedenskiy,36,15,0,3,1845,7.5202351,1683,3,3,0,0,702,6.5539341,0,2.8469999,1.046266,1,1,22,1,1,,,,,,,,,,,0,0,0,0,4,"Eshilkhatoy, Tsa-Vedeno, Vedeno, Neftyanoye",1,1,22,0
74,8/19/2002,2002,Vedeno,Vedenskiy,138,15,1,3,1512,7.321188,1469,9,2,-7,0,702,6.5539341,0,1.331,.28593051,1,0,7,1,1,2,1,0,0,0,0,0,1,1,.69314718,-1,1,0,0,7,"Oktya'brskoe, Agishbatoi, Dyshne-Vedeno, Neftyanoye, Tazen-Kale, Eshilkhatoy, Ersenoi",1,1,7,0
75,9/9/2002,2002,Avtury,Shalinskiy,12,10,0,2,10724,9.2802391,18330,4,3,-1,0,247,5.509388,0,5.2360001,1.655558,1,1,43,1,1,,,,,,,,,,,-1,1,0,0,1,Geldagan,1,1,43,0
75,9/9/2002,2002,Chechen-Aul,Groznenskiy,22,3,1,2,6281,8.7452841,7118,4,1,-3,0,202,5.3082681,0,6.4920001,1.870571,0,0,69,1,0,0,0,6,1,17,1,2.890372,0,0,0,-1,1,0,0,0,,1,1,69,0
76,9/12/2002,2002,Dyshne-Vedeno,Vedenskiy,33,15,1,3,3572,8.1808805,3323,0,0,0,0,774,6.6515722,0,2.2850001,.82636613,1,0,90,0,0,3,1,0,0,0,0,0,1,1,.69314718,0,0,0,0,6,"Neftyanoye, Vedeno, Ersenoi, Tazen-Kale, Agish-batoi, Zhani-Vedeno",1,0,90,0
76,9/12/2002,2002,Tevzena,Vedenskiy,129,15,0,3,1699,7.4377952,1533,2,2,0,0,572,6.3491392,0,.60720003,-.49889699,1,0,23,1,1,,,,,,,,,,,0,0,0,0,4,"Tauzen, Agishty, Khatuni, Makhktey",1,1,23,0
77,9/27/2002,2002,Agishty,Shalinskiy,4,10,1,2,780,6.6592941,457,0,0,0,0,455,6.120297,0,4.7880001,1.566113,1,0,90,0,0,5,1,5,1,0,0,0,3,1,1.386294,0,0,0,0,3,"Tevzena, Khatuni, Tauzen",1,0,90,0
77,9/27/2002,2002,Akhkinchu-Barze,Kurchaloevskiy,5,6,0,2,786,6.6669569,100,2,1,-1,0,294,5.6835799,0,3.306,1.195739,1,0,2,1,0,,,,,,,,,,,-1,1,0,2,6,"Dzhugurty, Gansolchu, Yalkhoy-Mokhk, Khidi-Khutor, Bel'ty, Kuren'-Benoy",1,1,2,0
78,10/27/2002,2002,Chiri-Yurt,Shalinskiy,24,10,0,2,11316,9.3339729,5000,3,1,-2,0,313,5.7462029,0,1.193,.1764711,1,1,26,1,1,,,,,,,,,,,-1,1,0,0,4,"Staryye Atagi, Duba-Yurt, Novyye Atagi, Lakha-Varanda",1,1,26,0
78,10/27/2002,2002,Grozny (Leninskiy),Groznyy,74,2,1,1,18308,9.815093,55311,20,17,-3,1,130,4.8675351,0,4.684,1.544152,0,1,4,1,0,3,1,0,0,3,1,1.386294,4,1,1.6094379,-1,1,0,0,4,"Groznyy (3), Aldy",1,1,4,0
79,11/4/2002,2002,Prigorodny,Groznenskiy,104,3,1,2,2892,7.9697042,4852,0,0,0,0,187,5.2311091,0,.63209999,-.45870769,0,0,90,0,1,0,0,0,0,0,0,0,0,0,0,0,0,0,0,5,"Gikalovskiy, Chechen-Aul, Berdakel, Khankala, Novye Aldy",1,0,90,0
79,11/4/2002,2002,Tsa-Vedeno,Vedenskiy,132,15,0,3,1502,7.3145528,1256,4,2,-2,0,603,6.401917,0,1.925,.65492588,1,0,45,1,0,,,,,,,,,,,-1,1,0,1,7,"Mesedoy, Verkhatoy, Pervomayskaya, Agishbatoi, Elishtanzhi, Eshilkhatoy, Oktya'brskoe",1,1,45,0
80,11/8/2002,2002,Eshilkhatoy,Vedenskiy,38,15,1,3,341,5.831882,330,0,0,0,0,698,6.5482192,0,2.694,.99102712,1,0,90,0,0,0,0,0,0,0,0,0,0,0,0,0,0,0,0,4,"Vedeno, Neftyanoye, Elistanzhi, Oktya'brskoe",1,0,90,0
80,11/8/2002,2002,Morzoi-Mokkh,Vedenskiy,86,15,0,3,153,5.0304379,600,0,0,0,0,581,6.3647509,0,2.7780001,1.021731,1,0,90,0,0,,,,,,,,,,,0,0,0,4,8,"Achireshki, Guni, Regita, Pervomayskaya, Niki-Khita, Dzhaglargi, Enikali, Kuren'-Benoy",1,0,90,0
81,12/19/2002,2002,Ortsi-Yurt,Nozhai-Yurtovskiy,99,9,1,3,470,6.1527328,500,0,0,0,0,672,6.5102582,0,2.5999999,.95551139,1,0,90,0,0,0,0,3,1,0,0,0,0,0,0,0,0,0,1,4,"Bas-Gordiali, Gezenchu, Tsentoroy, S. Kurchali",1,0,90,0
81,12/19/2002,2002,Shena (Shuani),Nozhai-Yurtovskiy,116,9,0,3,932,6.8373332,750,1,0,-1,0,604,6.403574,0,1.4816,.39312261,1,0,90,0,0,,,,,,,,,,,-1,1,0,1,4,"Malye Shuani, Yalkhoy-Mokhk, Turty-Khutor, Khashki-Mokhk",1,0,90,0
82,1/14/2003,2003,Borzoi,Shatoiskiy,20,11,0,3,4313,8.3693886,4209,0,0,0,0,919,6.8232861,0,.926,-.076880999,0,0,90,0,0,,,,,,,,,,,0,0,0,3,5,"Ryadukhoy, Nikhaloy, Tavzena, Gargachi, Khalkin",1,0,90,0
82,1/14/2003,2003,Novogroznenskoi,Gudermesskiy,93,4,1,2,9426,9.151227,500,0,0,0,0,56,4.025352,0,1.41,.34358969,1,1,90,0,0,0,0,0,0,0,0,0,0,0,0,0,0,0,0,2,"Noybera, Tsentoroy",1,0,90,0
83,1/24/2003,2003,Dyshne-Vedeno,Vedenskiy,33,15,1,3,3572,8.1808805,3323,4,4,0,0,774,6.6515722,0,2.2850001,.82636613,1,0,13,1,0,0,0,1,1,0,0,0,2,1,1.098612,0,0,0,0,6,"Neftyanoye, Vedeno, Ersenoi, Tazen-Kale, Agish-batoi, Zhani-Vedeno",1,1,13,0
83,1/24/2003,2003,Mesedoy,Vedenskiy,83,15,0,3,600,6.3969302,500,0,0,0,0,714,6.5708828,0,.74080002,-.3000246,1,0,90,0,0,,,,,,,,,,,0,0,0,0,4,"Agish-batoi, Guni, Sherdi-Mokhk, Ersenoi",1,0,90,0
84,1/24/2003,2003,Evli,Vedenskiy,39,15,0,3,75,4.3174882,100,0,0,0,0,1130,7.029973,0,7.2227998,1.9772429,1,0,90,0,0,,,,,,,,,,,0,0,0,0,0,,1,0,90,0
84,1/24/2003,2003,Serzhen-Yurt,Shalinskiy,111,10,1,2,3244,8.0845623,4763,0,0,0,0,325,5.7838249,0,5.2360001,1.655558,1,0,90,0,0,1,1,1,1,6,1,1.94591,1,1,.69314718,0,0,0,0,1,Avtury,1,0,90,0
85,1/31/2003,2003,Neftyanoye,Vedenskiy,90,15,1,3,247,5.509388,247,0,0,0,0,736,6.6012301,0,1.331,.28593051,1,0,90,0,0,0,0,0,0,0,0,0,0,0,0,0,0,0,0,5,"Vedeno, Eshilkhatoy, Dyshne-Vedeno, Oktya'berskoe, Elistanzhi",1,0,90,0
85,1/31/2003,2003,Verkhny Dai,Shatoiskiy,139,11,0,3,196,5.2781148,250,0,0,0,0,738,6.6039438,0,.44,-.82098049,0,0,90,0,0,,,,,,,,,,,0,0,0,5,12,"Yukerch-Keloy, Bogatovka, Marshen-Kali, Aslanbek-Sheripovo, Dekhesty, Benoy, Musen-Kale, Pamyatoy, Gush-Kert, Gargachi, Vashindoroy, Nikhaloy",1,0,90,0
86,1/31/2003,2003,Geldagan (Gel'dygen),Kurchaloevskiy,45,6,0,2,6401,8.7642097,11875,0,0,0,0,162,5.0875959,0,4.2610002,1.449504,1,0,90,0,0,,,,,,,,,,,0,0,0,0,2,"Tsotsin-Yurt, Kurchaloi",1,0,90,0
86,1/31/2003,2003,Valerik,Achkhoi-Martanovskiy,137,1,1,2,6733,8.8147764,6012,0,0,0,0,222,5.402678,0,3.276,1.186623,0,0,90,0,0,1,1,3,1,0,0,0,0,0,0,0,0,0,0,2,"Katyr-Yurt, Gekhi",1,0,90,0
87,2/26/2003,2003,Dachu-Borzoi,Shatoiskiy,26,11,0,3,412,6.0210228,,0,1,1,0,422,6.0450048,0,1.803,.58945191,0,0,1,1,1,,,,,,,,,,,1,0,1,1,5,"Chishki, Lakha-Varandy, Duba-Yurt, Ulus-Kert, Yarshymardy",1,1,1,0
87,2/26/2003,2003,Serzhen-Yurt,Shalinskiy,111,10,1,2,3244,8.0845623,4763,2,1,-1,0,325,5.7838249,0,5.2360001,1.655558,1,0,71,1,0,1,1,1,1,6,1,1.94591,2,1,1.098612,-1,1,0,0,1,Avtury,1,1,71,0
88,3/4/2003,2003,Kulary,Urus-Martanovskiy,71,14,0,2,3458,8.1484461,6000,0,0,0,0,165,5.1059461,0,2.4890001,.91188103,0,0,90,0,0,,,,,,,,,,,0,0,0,0,5,"Khambi-Irze, Yermolovskiy, Alkhan-Kala, Alkhan-Yurt, Krasnopartizanskiy",1,0,90,0
88,3/4/2003,2003,Serzhen-Yurt,Shalinskiy,111,10,1,2,3244,8.0845623,4763,2,1,-1,0,325,5.7838249,0,5.2360001,1.655558,1,0,65,1,1,0,0,7,1,0,0,0,3,1,1.386294,-1,1,0,0,1,Avtury,1,1,65,0
89,3/21/2003,2003,Dolinskoe,Groznenskiy,29,3,0,2,1053,6.9593992,2000,0,0,0,0,168,5.1239638,0,3.74,1.319086,0,0,90,0,1,,,,,,,,,,,0,0,0,0,1,Alkhan-Yurt,1,0,90,0
89,3/21/2003,2003,Gikalo,Groznenskiy,47,3,1,2,4017,8.2982903,5119,0,0,0,0,185,5.220356,0,3.4330001,1.233435,0,0,90,0,0,0,0,2,1,0,0,0,0,0,0,0,0,0,0,6,"Groznyy (all districts), Prigorodnoye, Aldy",1,0,90,0
90,5/3/2003,2003,Alkhazurovo,Urus-Martanovskiy,8,14,1,2,5365,8.5876513,5500,2,2,0,0,389,5.9635792,0,2.4389999,.89158809,0,0,73,1,0,0,0,0,0,0,0,0,1,1,.69314718,0,0,0,0,4,"Goichu, Nagayeva, Starye Ataghi, Lakha-Varanda",1,1,73,0
90,5/3/2003,2003,Bachi-Yurt,Kurchaloevskiy,13,6,0,2,9791,9.1892195,14756,2,1,-1,0,221,5.3981628,0,6.5300002,1.876407,1,0,64,1,1,,,,,,,,,,,-1,1,0,0,0,,1,1,64,0
91,5/3/2003,2003,Avtury,Shalinskiy,12,10,1,2,10724,9.2802391,18330,1,0,-1,0,247,5.509388,0,5.2360001,1.655558,1,1,90,0,0,0,0,0,0,0,0,0,0,0,0,-1,1,0,0,1,Geldagan,1,0,90,0
91,5/3/2003,2003,Gekhi (Blagodatnoye),Urus-Martanovskiy,43,14,0,2,10717,9.2795868,9693,2,0,-2,0,222,5.402678,0,5.4660001,1.698547,0,0,90,0,0,,,,,,,,,,,-1,1,0,0,0,,1,0,90,0
92,8/17/2003,2003,Khambi-Irze,Achkhoi-Martanovskiy,61,1,1,2,2920,7.9793391,3123,0,0,0,0,171,5.141664,0,3.8892,1.358204,0,0,90,0,0,0,0,0,0,0,0,0,0,0,0,0,0,0,0,4,"Zakan-Yurt, Kulary, Yermolovskiy, Valerik",1,0,90,0
92,8/17/2003,2003,Sel'mentauzen,Vedenskiy,110,15,0,3,1021,6.9285378,930,2,3,1,0,796,6.6795988,0,.27559999,-1.288805,1,0,17,1,1,,,,,,,,,,,1,0,1,0,4,"Dutsu-Khote, Khvarshini, Tauzen, Kirov-Aul (Kirov-Yurt)",1,1,17,0
93,9/7/2003,2003,Chiri-Yurt,Shalinskiy,24,10,0,2,11316,9.3339729,5000,1,0,-1,0,313,5.7462029,0,1.193,.1764711,1,1,90,0,0,,,,,,,,,,,-1,1,0,0,4,"Staryye Atagi, Duba-Yurt, Novyye Atagi, Lakha-Varanda",1,0,90,0
93,9/7/2003,2003,Urus-Martan,Urus-Martanovskiy,136,14,1,2,41122,10.6243,39982,0,2,2,0,234,5.4553208,1,3.7739999,1.328135,0,1,9,1,0,1,1,3,1,0,0,0,3,1,1.386294,1,0,1,0,3,"Tangi,, Goyskoye, Gekhi",1,1,9,0
94,10/2/2003,2003,Ilaskhan-Yurt,Gudermesskiy,57,4,0,2,3713,8.2195959,4486,0,0,0,0,138,4.9272542,0,6.1115999,1.810189,1,0,90,0,0,,,,,,,,,,,0,0,0,0,0,,1,0,90,0
94,10/2/2003,2003,Makhkety,Vedenskiy,77,15,1,3,3495,8.1590891,3262,0,0,0,0,649,6.4754329,0,1.676,.51640999,1,0,90,0,1,3,1,0,0,0,0,0,3,1,1.386294,0,0,0,0,6,"Tevzena, Sel'mentauzen, Tauzen, Khatuni, Khvarshini, Dutsu-Khote",1,0,90,0
95,10/9/2003,2003,Gekhi-Chu,Urus-Martanovskiy,44,14,1,2,2413,7.7886262,9693,0,0,0,0,220,5.3936281,0,3.7750001,1.3284,0,0,90,0,0,0,0,0,0,2,1,1.098612,0,0,0,0,0,0,0,2,"Roshni-Chu, Shalazhi",1,0,90,0
95,10/9/2003,2003,Kirova,Naurskiy,68,8,0,1,2100,7.649693,2000,0,0,0,0,161,5.0814042,1,3.4890001,1.249615,0,0,90,0,0,,,,,,,,,,,0,0,0,0,1,Alkhan-Kala,1,0,90,0
96,10/11/2003,2003,Gekhi-Chu,Urus-Martanovskiy,44,14,1,2,2413,7.7886262,9693,0,0,0,0,220,5.3936281,0,3.7750001,1.3284,0,0,90,0,0,0,0,0,0,2,1,1.098612,1,1,.69314718,0,0,0,0,2,"Roshni-Chu, Shalazhi",1,0,90,0
96,10/11/2003,2003,Gudermes,Gudermesskiy,54,4,0,2,33578,10.42163,33756,5,6,1,0,48,3.871201,0,8.6739998,2.1603301,1,1,12,1,0,,,,,,,,,,,1,0,1,0,0,,1,1,12,0
97,10/14/2003,2002,Agishbatoi,Vedenskiy,3,15,0,3,14,2.6390569,842,0,1,1,0,816,6.7044139,0,1.4816,.39312261,1,0,72,1,0,,,,,,,,,,,1,0,1,0,5,"Pervomayskaya, Guni, Mesedoy, Ersenoi, Oktya'berskoe",1,1,72,0
97,10/14/2003,2003,Shali,Shalinskiy,113,10,1,2,29011,10.27543,40356,4,3,-1,0,227,5.4249501,0,4.3499999,1.470176,1,1,1,1,0,2,1,1,1,0,0,0,1,1,.69314718,-1,1,0,0,1,Germenchuk,1,1,1,0
98,10/21/2003,2003,Khatuni,Vedenskiy,64,15,1,3,1613,7.3858509,1442,0,0,0,0,614,6.4199948,0,2.1619999,.7710337,1,0,90,0,0,0,0,0,0,0,0,0,1,1,.69314718,0,0,0,0,3,"Makhkety, Agishty, Tevzena",1,0,90,0
98,10/21/2003,2003,Nadrech'ye,Shalinskiy,88,10,0,2,730,6.5930452,750,0,0,0,0,327,5.7899599,0,1.4816,.39312261,1,0,90,0,0,,,,,,,,,,,0,0,0,0,5,"Starye Atagi, Chiri-Yurt, Duba-Yurt, Lakha-Varanda, Sharoargun",1,0,90,0
99,10/21/2003,2003,Kharsenoi,Shatoiskiy,63,11,0,3,1800,7.495542,1900,0,0,0,0,796,6.6795988,0,1.4816,.39312261,0,0,90,0,0,,,,,,,,,,,0,0,0,2,5,"Bizhduk, Arske-Duk, Mashtan-Chu, Razdol'noye, Murseil-Duk",1,0,90,0
99,10/21/2003,2003,Tevzena,Vedenskiy,129,15,1,3,1699,7.4377952,1533,0,0,0,0,572,6.3491392,0,.60720003,-.49889699,1,0,90,0,0,0,0,0,0,0,0,0,0,0,0,0,0,0,0,4,"Tauzen, Agishty, Khatuni, Makhkety",1,0,90,0
100,10/21/2003,2003,Oktya'brskoe,Vedenskiy,98,15,0,3,2724,7.9098568,4000,0,0,0,0,667,6.50279,0,1.4816,.39312261,1,0,90,0,0,,,,,,,,,,,0,0,0,0,5,"Vedeno, Neftyanoye, Dyshne-Vedeno, Eshilkhatoy, Elistanzhi",1,0,90,0
100,10/21/2003,2003,Tsa-Vedeno,Vedenskiy,132,15,1,3,1502,7.3145528,1256,2,0,-2,0,603,6.401917,0,1.925,.65492588,1,0,90,0,0,0,0,0,0,0,0,0,0,0,0,-1,1,0,1,7,"Mesedoy, Verkhatoy, Pervomayskaya, Agishbatoi, Elishtanzhi, Eshilkhatoy, Oktya'brskoe",1,0,90,0
101,11/23/2003,2003,Makhkety,Vedenskiy,77,15,1,3,3495,8.1590891,3262,0,0,0,0,649,6.4754329,0,1.676,.51640999,1,0,90,0,1,1,1,3,1,0,0,0,4,1,1.6094379,0,0,0,0,6,"Tevzena, Sel'mentauzen, Tauzen, Khatuni, Khvarshini, Dutsu-Khote",1,0,90,0
101,11/23/2003,2003,Staraya Sunzha,Groznenskiy,120,3,0,2,5441,8.6017179,7843,1,0,-1,0,114,4.7361979,0,2.7780001,1.021731,0,0,90,0,1,,,,,,,,,,,-1,1,0,0,2,"Primkaniye, Groznyy (Okt)",1,0,90,0
102,11/23/2003,2003,Kirov-Yurt,Vedenskiy,67,15,0,3,1637,7.40062,1533,0,0,0,0,571,6.3473892,0,1.6668,.51090562,1,0,90,0,0,,,,,,,,,,,0,0,0,1,5,"Khvarshini, Tauzen, Sel'mentauzen, Dagenduk, Ulus-Kurt",1,0,90,0
102,11/23/2003,2003,Sel'mentauzen,Vedenskiy,110,15,1,3,1021,6.9285378,930,0,0,0,0,796,6.6795988,0,.27559999,-1.288805,1,0,90,0,0,2,1,3,1,0,0,0,0,0,0,0,0,0,0,4,"Dutsu-Khote, Khvarshini, Tauzen, Kirov-Aul (Kirov-Yurt)",1,0,90,0
103,3/12/2004,2004,Chiri-Yurt,Shalinskiy,24,10,1,2,11316,9.3339729,5000,1,0,-1,0,313,5.7462029,0,1.193,.1764711,1,1,90,0,0,0,0,1,1,0,0,0,0,0,0,-1,1,0,0,4,"Staryye Atagi, Duba-Yurt, Novyye Atagi, Lakha-Varanda",1,0,90,0
103,3/12/2004,2004,Oktyabr'skiy (Groznyy),Groznyy,97,2,0,1,16520,9.712327,50930,6,5,-1,1,130,4.8675351,0,4.684,1.544152,0,1,23,1,1,,,,,,,,,,,-1,1,0,0,4,"Groznyy (3), Aldy",1,1,23,0
104,3/23/2004,2004,Kirova,Naurskiy,68,8,0,1,2100,7.649693,2000,0,1,1,0,161,5.0814042,1,3.4890001,1.249615,0,0,24,1,1,,,,,,,,,,,1,0,1,0,1,Alkhan-Kala,1,1,24,0
104,3/23/2004,2004,Urus-Martan,Urus-Martanovskiy,136,14,1,2,41122,10.6243,39982,0,1,1,0,234,5.4553208,1,3.7739999,1.328135,0,1,56,1,1,0,0,4,1,12,1,2.564949,4,1,1.6094379,1,0,1,0,3,"Tangi,, Goyskoye, Gekhi",1,1,56,0
105,5/22/2004,2004,Roshni-chu,Urus-Martanovskiy,107,14,0,2,4435,8.3972826,5100,2,4,2,0,357,5.8777361,0,3.7750001,1.3284,0,0,12,1,0,,,,,,,,,,,1,0,1,0,4,"Urus-Martan, Avstrichu, Tangi, Gekhi-Chu",1,1,12,0
105,5/22/2004,2004,Serzhen-Yurt,Shalinskiy,111,10,1,2,3244,8.0845623,4763,2,0,-2,0,325,5.7838249,0,5.2360001,1.655558,1,0,90,0,0,1,1,7,1,0,0,0,4,1,1.6094379,-1,1,0,0,1,Avtury,1,0,90,0
106,5/25/2004,2004,Berdakel,Groznenskiy,17,3,0,2,4911,8.4992332,3000,0,0,0,0,145,4.9767342,0,5.5770001,1.7186511,0,0,90,0,0,,,,,,,,,,,0,0,0,0,0,,1,0,90,0
106,5/25/2004,2004,Serzhen-Yurt,Shalinskiy,111,10,1,2,3244,8.0845623,4763,2,0,-2,0,325,5.7838249,0,5.2360001,1.655558,1,0,90,0,0,8,1,0,0,3,1,1.386294,5,1,1.791759,-1,1,0,0,1,Avtury,1,0,90,0
107,6/10/2004,2004,Goichu,Urus-Martanovskiy,49,14,0,2,1800,7.495542,1220,0,0,0,0,369,5.9107971,0,.71030003,-.34206781,0,0,90,0,1,,,,,,,,,,,0,0,0,1,3,"Alkhazaurovo, Nagaveya, Komsomol'skoye, Demi-Duk, Martan-Chu",1,0,90,0
107,6/10/2004,2004,Kharsenoi,Shatoiskiy,63,11,1,3,1800,7.495542,1900,0,0,0,0,796,6.6795988,0,1.4816,.39312261,0,0,90,0,0,0,0,0,0,0,0,0,0,0,0,0,0,0,2,5,"Bizduk, Arske-Duk, Mashtan-Chu, Razdol'noye, Murseil-Duk",1,0,90,0
108,6/26/2004,2004,Bas-Gordali,Nozhai-Yurtovskiy,14,9,0,3,695,6.5439119,750,0,0,0,0,684,6.5279579,0,1.4816,.39312261,1,0,90,0,0,,,,,,,,,,,0,0,0,2,6,"Gezenchu, Nizniye Kurchali, Khashki-Mokhk, Tsentoroy, Gordiali-Yurt, Kurchaloi",1,0,90,0
108,6/26/2004,2004,Serzhen-Yurt,Shalinskiy,111,10,1,2,3244,8.0845623,4763,2,0,-2,0,325,5.7838249,0,5.2360001,1.655558,1,0,90,0,0,8,1,0,0,3,1,1.386294,6,1,1.94591,-1,1,0,0,1,Avtury,1,0,90,0
109,7/5/2004,2004,Achireshki,Nozhai-Yurtovskiy,1,9,0,3,240,5.480639,250,0,0,0,0,408,6.0112672,0,3.2964001,1.192831,1,0,90,0,0,,,,,,,,,,,0,0,0,0,6,"Morzoi-Mokhk, Regita, Bezhta, Guni, Sherdi-Mokhk, Benoy",1,0,90,0
109,7/5/2004,2004,Morzoi-Mokkh,Vedenskiy,86,15,1,3,153,5.0304379,600,0,0,0,0,581,6.3647509,0,2.7780001,1.021731,1,0,90,0,0,0,0,2,1,0,0,0,0,0,0,0,0,0,4,8,"Achireshki, Guni, Regita, Pervomayskaya, Niki-Khita, Dzhaglargi, Enikali, Kuren'-Benoy",1,0,90,0
110,7/9/2004,2004,Kirova,Naurskiy,68,8,0,1,2100,7.649693,2000,1,0,-1,0,161,5.0814042,1,3.4890001,1.249615,0,0,90,0,1,,,,,,,,,,,-1,1,0,0,1,Alkhan-Kala,1,0,90,0
110,7/9/2004,2004,Urus-Martan,Urus-Martanovskiy,136,14,1,2,41122,10.6243,39982,2,1,-1,0,234,5.4553208,1,3.7739999,1.328135,0,1,11,1,1,0,0,0,0,0,0,0,5,1,1.791759,-1,1,0,0,3,"Tangi,, Goyskoye, Gekhi",1,1,11,0
111,7/12/2004,2004,Evli,Vedenskiy,39,15,0,3,75,4.3174882,100,0,0,0,0,1130,7.029973,0,7.2227998,1.9772429,1,0,90,0,0,,,,,,,,,,,0,0,0,0,0,,1,0,90,0
111,7/12/2004,2004,Vedeno,Vedenskiy,138,15,1,3,1512,7.321188,1469,6,1,-5,0,702,6.5539341,0,1.331,.28593051,1,0,90,0,0,2,1,2,1,0,0,0,2,1,1.098612,-1,1,0,0,7,"Oktya'brskoe, Agishbatoi, Dyshne-Vedeno, Neftyanoye, Tazen-Kale, Eshilkhatoy, Ersenoi",1,0,90,0
112,7/13/2004,2004,Avtury,Shalinskiy,12,10,1,2,10724,9.2802391,18330,5,3,-2,0,247,5.509388,0,5.2360001,1.655558,1,1,11,1,0,0,0,0,0,0,0,0,1,1,.69314718,-1,1,0,0,1,Geldagan,1,1,11,0
112,7/13/2004,2004,Staropomyslovskiy (Groznyy),Groznyy,121,2,0,1,20864,9.9457808,53395,8,9,1,1,130,4.8675351,0,4.684,1.544152,0,1,27,1,0,,,,,,,,,,,1,0,1,0,4,"Groznyy (3), Aldy",1,1,27,0
113,8/13/2004,2004,Gudermes,Gudermesskiy,54,4,0,2,33578,10.42163,33756,7,2,-5,0,48,3.871201,0,8.6739998,2.1603301,1,1,27,1,1,,,,,,,,,,,-1,1,0,0,0,,1,1,27,0
113,8/13/2004,2004,Makhkety,Vedenskiy,77,15,1,3,3495,8.1590891,3262,0,0,0,0,649,6.4754329,0,1.676,.51640999,1,0,90,0,0,0,0,0,0,0,0,0,6,1,1.94591,0,0,0,0,6,"Tevzena, Sel'mentauzen, Tauzen, Khatuni, Khvarshini, Dutsu-Khote",1,0,90,0
114,9/4/2004,2004,Borzoi,Shatoiskiy,20,11,0,3,4313,8.3693886,4209,0,0,0,0,919,6.8232861,0,.926,-.076880999,0,0,90,0,0,,,,,,,,,,,0,0,0,3,5,"Ryadukhoy, Nikhaloy, Tavzena, Gargachi, Khalkin",1,0,90,0
114,9/4/2004,2004,Chechen-Aul,Groznenskiy,22,3,1,2,6281,8.7452841,7118,3,4,1,0,202,5.3082681,0,6.4920001,1.870571,0,0,2,1,0,0,0,0,0,0,0,0,1,1,.69314718,1,0,1,0,0,,1,1,2,0
115,9/11/2004,2004,Regety (Regita),Kurchaloevskiy,106,6,0,2,2000,7.600903,2178,0,0,0,0,694,6.5424719,0,1.852,.61626607,1,0,90,0,0,,,,,,,,,,,0,0,0,4,6,"Enikali, Bel'ty, Kuren-Benoy, Morzoi-Mokhk, Khidi-Khutor, Niki-Khita",1,0,90,0
115,9/11/2004,2004,Serzhen-Yurt,Shalinskiy,111,10,1,2,3244,8.0845623,4763,0,1,1,0,325,5.7838249,0,5.2360001,1.655558,1,0,30,1,0,8,1,0,0,3,1,1.386294,7,1,2.079442,1,0,1,0,1,Avtury,1,1,30,0
116,9/21/2004,2004,Aslanbek-Sherpivo,Vedenskiy,10,15,0,3,204,5.31812,200,0,0,0,0,986,6.8936558,0,.74080002,-.3000246,1,0,90,0,0,,,,,,,,,,,0,0,0,0,4,"Musolt-Aul, Marshen-Keli, Benoy, Musen-Kale",1,0,90,0
116,9/21/2004,2004,Tangy-Chu,Urus-Martanovskiy,125,14,1,2,1624,7.3926482,270,0,0,0,0,322,5.7745509,0,3.2249999,1.170933,0,0,90,0,1,0,0,0,0,0,0,0,1,1,.69314718,0,0,0,2,3,"Roshni-Chu, Bakin, Shinin-Chu",1,0,90,0
117,10/2/2004,2004,Makhkety,Vedenskiy,77,15,1,3,3495,8.1590891,3262,0,1,1,0,649,6.4754329,0,1.676,.51640999,1,0,90,0,0,1,1,3,1,0,0,0,4,1,1.6094379,1,0,1,0,6,"Tevzena, Sel'mentauzen, Tauzen, Khatuni, Khvarshini, Dutsu-Khote",1,0,90,0
117,10/2/2004,2004,Maloye (Malyye Varandy),Groznenskiy,78,3,0,2,12,2.4849069,250,0,0,0,0,839,6.7322111,0,1.4816,.39312261,0,0,90,0,0,,,,,,,,,,,0,0,0,2,6,"Zony, Bolshoye Varandy, Lakha-Varanda, Kochayev, Beti-Irzu, Chalkhon-Chu",1,0,90,0
118,10/3/2004,2004,Chechen-Aul,Groznenskiy,22,3,1,2,6281,8.7452841,7118,2,3,1,0,202,5.3082681,0,6.4920001,1.870571,0,0,8,1,0,0,0,0,0,17,1,2.890372,2,1,1.098612,1,0,1,0,0,,1,1,8,0
118,10/3/2004,2004,Staraya Sunzha,Groznenskiy,120,3,0,2,5441,8.6017179,7843,0,0,0,0,114,4.7361979,0,2.7780001,1.021731,0,0,90,0,0,,,,,,,,,,,0,0,0,0,2,"Primkaniye, Groznyy (Okt)",1,0,90,0
119,11/2/2004,2004,Petropavlovskaya,Groznenskiy,102,3,1,2,3257,8.088562,3678,1,1,0,0,116,4.7535901,1,6.1290002,1.813032,0,0,24,1,0,0,0,0,0,0,0,0,1,1,.69314718,0,0,0,0,1,Bol'shevik,1,1,24,0
119,11/2/2004,2004,Tolstoy-Yurt,Groznenskiy,130,3,0,2,6934,8.8441935,7755,0,0,0,0,149,5.0039458,1,1.226,.20375679,1,1,90,0,0,,,,,,,,,,,0,0,0,0,2,"Goryacheistochnenskaya, Vinogradnoye",1,0,90,0
120,12/3/2004,2004,Tashi,Kurchaloevskiy,126,6,0,2,587,6.3750248,700,0,0,0,0,674,6.5132298,0,3.1484001,1.146894,1,0,90,0,0,,,,,,,,,,,0,0,0,0,6,"Pervomayskaya, Morzoi-Mokhk, Achireshki, Shirdi-Mokhk, Agishbatoi, Mesedoy",1,0,90,0
120,12/3/2004,2004,Tazen-Kale,Vedenskiy,127,15,1,3,243,5.493062,500,0,0,0,0,698,6.5482192,0,1.1112,.1054405,1,0,90,0,0,1,1,2,1,0,0,0,1,1,.69314718,0,0,0,2,5,"Ersenoi, Zhani-Vedeno, Dyshne-Vedeno, Koshka-Ara, Yukerchu-Gonkha",1,0,90,0
121,12/10/2004,2004,Goryacheistochnenskaya,Groznenskiy,51,3,0,2,1002,6.9097528,,0,0,0,0,287,5.659482,0,1.8,.58778661,0,1,90,0,0,,,,,,,,,,,0,0,0,0,2,"Tolstoy-Yurt, Petropavlovskaya",1,0,90,0
121,12/10/2004,2004,Makhkety,Vedenskiy,77,15,1,3,3495,8.1590891,3262,0,0,0,0,649,6.4754329,0,1.676,.51640999,1,0,90,0,0,1,1,1,1,3,1,1.386294,5,1,1.791759,0,0,0,0,6,"Tevzena, Sel'mentauzen, Tauzen, Khatuni, Khvarshini, Dutsu-Khote",1,0,90,0
122,12/21/2004,2004,Avtury,Shalinskiy,12,10,1,2,10724,9.2802391,18330,2,4,2,0,247,5.509388,0,5.2360001,1.655558,1,1,8,1,1,0,0,0,0,0,0,0,2,1,1.098612,1,0,1,0,1,Geldagan,1,1,8,0
122,12/21/2004,2004,Regety,Kurchaloevskiy,106,6,0,2,2000,7.600903,2178,0,0,0,0,694,6.5424719,0,1.852,.61626607,1,0,90,0,0,,,,,,,,,,,0,0,0,4,6,"Gikalovskiy, Chechen-Aul, Berdakel, Khankala, Novye Aldy",1,0,90,0
123,12/21/2004,2004,Dargo,Vedenskiy,28,15,1,3,203,5.3132062,200,0,2,2,0,687,6.5323339,0,2.9089999,1.067809,1,0,15,1,0,0,0,0,0,0,0,0,0,0,0,1,0,1,0,5,"Zhani-Vedeno, Belgatoy, Benoy-Vedeno, Tazen-Kale, Lem-Korts",1,1,15,0
123,12/21/2004,2004,Mesedoy,Vedenskiy,83,15,0,3,600,6.3969302,500,0,0,0,0,714,6.5708828,0,.74080002,-.3000246,1,0,90,0,0,,,,,,,,,,,0,0,0,0,4,"Agish-batoi, Guni, Sherdi-Mokhk, Ersenoi",1,0,90,0
124,12/21/2004,2004,Elistanzhi,Vedenskiy,36,15,1,3,1845,7.5202351,1683,2,0,-2,0,702,6.5539341,0,2.8469999,1.046266,1,1,3,1,0,1,1,2,1,0,0,0,0,0,0,-1,1,0,0,4,"Eshilkhatoy, Tsa-Vedeno, Vedeno, Neftyanoye",1,1,3,0
124,12/21/2004,2004,Sredniye kurchali,Kurchaloevskiy,119,6,0,2,1195,7.0859008,1100,0,0,0,0,719,6.5778608,0,.926,-.076880999,1,0,90,0,0,,,,,,,,,,,0,0,0,0,8,"Tazen-kale, Belgatoy, Niz. Kurchali, Shirdi-Mokhk, Bas-Gordiali, Gordiali-Yurt, Ersenoi, Tsentoroy",1,0,90,0
125,12/23/2004,2004,Dzhalka,Gudermesskiy,34,4,1,2,5390,8.5923004,6292,0,0,0,0,83,4.4188399,0,1.15,.13976189,1,1,90,0,0,1,1,0,0,2,1,1.098612,1,1,.69314718,0,0,0,2,3,"Kerla-Engeroy, Turlova, Il'inskaya",1,0,90,0
125,12/23/2004,2004,Oktyabr'skiy (Groznyy),Groznyy,97,2,0,1,16520,9.712327,50930,10,8,-2,1,130,4.8675351,0,4.684,1.544152,0,1,29,1,0,,,,,,,,,,,-1,1,0,0,4,"Groznyy (3), Aldy",1,1,29,0
126,12/26/2004,2004,Dzhalka,Gudermesskiy,34,4,1,2,5390,8.5923004,6292,0,0,0,0,83,4.4188399,0,1.15,.13976189,1,1,90,0,0,0,0,0,0,4,1,1.6094379,2,1,1.098612,0,0,0,2,3,"Kerla-Engeroy, Turlova, Il'inskaya",1,0,90,0
126,12/26/2004,2004,Pervomayskaya,Groznenskiy,101,3,0,2,4106,8.3202047,5015,0,0,0,0,167,5.1179938,0,2.2030001,.78982008,0,0,90,0,1,,,,,,,,,,,0,0,0,0,3,"Sadovoye, Podgornyy, Staryy Poselok",1,0,90,0
127,12/28/2004,2004,Chechen-Aul,Groznenskiy,22,3,1,2,6281,8.7452841,7118,3,0,-3,0,202,5.3082681,0,6.4920001,1.870571,0,0,90,0,0,0,0,10,1,17,1,2.890372,3,1,1.386294,-1,1,0,0,0,,1,0,90,0
127,12/28/2004,2004,Geldagan (Gel'dygen),Kurchaloevskiy,45,6,0,2,6401,8.7642097,11875,0,0,0,0,162,5.0875959,0,4.2610002,1.449504,1,0,90,0,0,,,,,,,,,,,0,0,0,0,2,"Tsotsin-Yurt, Kurchaloi",1,0,90,0
128,12/29/2004,2004,Agishbatoi,Vedenskiy,3,15,1,3,14,2.6390569,842,0,0,0,0,816,6.7044139,0,1.4816,.39312261,1,0,90,0,0,0,0,0,0,0,0,0,0,0,0,0,0,0,0,5,"Pervomayskaya, Guni, Mesedoy, Ersenoi, Oktya'berskoe",1,0,90,0
128,12/29/2004,2004,Zumsoj,Itum-Kalinskiy,147,5,0,3,378,5.9348941,500,0,0,0,0,883,6.7833252,0,.68949997,-.37178859,0,0,90,0,0,,,,,,,,,,,0,0,0,5,9,"Borzoi, Nikhaloy, Ryadukhoy, Khalkin, Gargachi, Gush-Kert, Tavzena, Vashindoroy, Shatoi",1,0,90,0
129,1/6/2005,2005,Elistanzhi,Vedenskiy,36,15,1,3,1845,7.5202351,1683,2,0,-2,0,702,6.5539341,0,2.8469999,1.046266,1,1,90,0,0,0,0,0,0,0,0,0,1,1,.69314718,-1,1,0,0,4,"Eshilkhatoy, Tsa-Vedeno, Vedeno, Neftyanoye",1,0,90,0
129,1/6/2005,2005,Komsomolskoe,Urus-Martanovskiy,69,14,0,2,2798,7.9366598,7124,0,0,0,0,329,5.7960582,0,3.704,1.309413,0,0,90,0,1,,,,,,,,,,,0,0,0,0,5,"Prigorodnoye, Primykaniye, Argun, Mesker-Yurt, Michurina",1,0,90,0
130,1/6/2005,2005,Grushevoye,Urus-Martanovskiy,53,14,0,2,2200,7.6962128,2000,0,0,0,0,372,5.9188938,0,3.2249999,1.170933,0,0,90,0,0,,,,,,,,,,,0,0,0,0,4,"Urus-Martan, Goyskoye, Komsomol'skoye, Tangi",1,0,90,0
130,1/6/2005,2005,Makhkety,Vedenskiy,77,15,1,3,3495,8.1590891,3262,1,0,-1,0,649,6.4754329,0,1.676,.51640999,1,0,49,1,0,0,0,0,0,0,0,0,7,1,2.079442,-1,1,0,0,6,"Tevzena, Sel'mentauzen, Tauzen, Khatuni, Khvarshini, Dutsu-Khote",1,1,49,0
131,1/6/2005,2005,Lipovka,Vedenskiy,76,15,0,3,1612,7.385231,1500,0,0,0,0,341,5.831882,0,1.6668,.51090562,1,0,90,0,0,,,,,,,,,,,0,0,0,2,4,"Roshni-Chu, Bakin, Urus-Martan, Shinin-Chu",1,0,90,0
131,1/6/2005,2005,Tsa-Vedeno,Vedenskiy,132,15,1,3,1502,7.3145528,1256,0,0,0,0,603,6.401917,0,1.925,.65492588,1,0,90,0,0,0,0,0,0,0,0,0,1,1,.69314718,0,0,0,1,7,"Mesedoy, Verkhatoy, Pervomayskaya, Agishbatoi, Elishtanzhi, Eshilkhatoy, Oktya'brskoe",1,0,90,0
132,1/15/2005,2005,Tolstoy-Yurt,Groznenskiy,130,3,0,2,6934,8.8441935,7755,0,1,1,0,149,5.0039458,1,1.226,.20375679,1,1,53,1,0,,,,,,,,,,,1,0,1,0,2,"Goryacheistochnenskaya, Vinogradnoye",1,1,53,0
132,1/15/2005,2005,Zumsoj,Itum-Kalinskiy,147,5,1,3,378,5.9348941,500,0,0,0,0,883,6.7833252,0,.68949997,-.37178859,0,0,90,0,1,0,0,0,0,4,1,1.6094379,0,0,0,0,0,0,5,9,"Borzoi, Nikhaloy, Ryadukhoy, Khalkin, Gargachi, Gush-Kert, Tavzena, Vashindoroy, Shatoi",1,0,90,0
133,1/20/2005,2005,Leshkoroy,Shatoiskiy,75,11,0,3,90,4.4998102,100,0,0,0,0,300,5.6832409,0,1.4816,.39312261,0,0,90,0,0,,,,,,,,,,,0,0,0,5,5,"Sal'beroy, Kilozor, Khai-Khotsaguny, Bogacheroy, Gonti",1,0,90,0
133,1/20/2005,2005,Serzhen-Yurt,Shalinskiy,111,10,1,2,3244,8.0845623,4763,3,0,-3,0,325,5.7838249,0,5.2360001,1.655558,1,0,90,0,1,0,0,0,0,0,0,0,8,1,2.1972251,-1,1,0,0,1,Avtury,1,0,90,0
134,1/27/2005,2005,Avarskoye,Shatoiskiy,11,11,0,3,125,4.8283138,100,0,0,0,0,787,6.6682281,0,1.421,.35136089,0,0,90,0,0,,,,,,,,,,,0,0,0,2,8,"Syuzhi, Shatoi, Khakkoy, Sovetskoye, Tavzena, Pamyatoy, Vashindoroy, Gargachi",1,0,90,0
134,1/27/2005,2005,Dachu-Borzoi,Shatoiskiy,26,11,1,3,412,6.0210228,,2,2,0,0,422,6.0450048,0,1.803,.58945191,0,0,18,1,0,0,0,0,0,1,1,.69314718,0,0,0,0,0,0,1,5,"Chishki, Lakha-Varandy, Duba-Yurt, Ulus-Kert, Yarshymardy",1,1,18,0
135,1/30/2005,2005,Gikalovskiy,Groznenskiy,48,3,0,2,225,5.416101,250,0,0,0,0,168,5.1239638,0,3.6199999,1.286474,0,0,90,0,0,,,,,,,,,,,0,0,0,1,3,"Chechen-Aul, Prigorodnye, Goyta",1,0,90,0
135,1/30/2005,2005,Serzhen-Yurt,Shalinskiy,111,10,1,2,3244,8.0845623,4763,3,0,-3,0,325,5.7838249,0,5.2360001,1.655558,1,0,90,0,1,0,0,7,1,0,0,0,9,1,2.3025849,-1,1,0,0,1,Avtury,1,0,90,0
136,2/27/2005,2005,Serzhen-Yurt,Shalinskiy,111,10,1,2,3244,8.0845623,4763,1,0,-1,0,325,5.7838249,0,5.2360001,1.655558,1,0,90,0,1,1,1,1,1,6,1,1.94591,10,1,2.3978951,-1,1,0,0,1,Avtury,1,0,90,0
136,2/27/2005,2005,Staropomyslovskiy (Groznyy),Groznyy,121,2,0,1,20864,9.9457808,53395,8,5,-3,1,130,4.8675351,0,4.684,1.544152,0,1,13,1,1,,,,,,,,,,,-1,1,0,0,4,"Groznyy (3), Aldy",1,1,13,0
137,4/10/2005,2005,Dzhugurty,Kurchaloevskiy,35,6,0,2,1015,6.9226441,1550,0,0,0,0,350,5.857933,0,3.8892,1.358204,1,0,90,0,0,,,,,,,,,,,0,0,0,0,3,"Akhkinchu-Barze, Bachi-Yurt, Mayrtup",1,0,90,0
137,4/10/2005,2005,Serzhen-Yurt,Shalinskiy,111,10,1,2,3244,8.0845623,4763,0,0,0,0,325,5.7838249,0,5.2360001,1.655558,1,0,90,0,1,8,1,0,0,3,1,1.386294,11,1,2.4849069,0,0,0,0,1,Avtury,1,0,90,0
138,5/29/2005,2005,Pervomayskaya,Groznenskiy,101,3,0,2,4106,8.3202047,5015,0,1,1,0,167,5.1179938,0,2.2030001,.78982008,0,0,70,1,1,,,,,,,,,,,1,0,1,0,3,"Sadovoye, Podgornyy, Staryy Poselok",1,1,70,0
138,5/29/2005,2005,Verkhny Dai,Shatoiskiy,139,11,1,3,196,5.2781148,250,0,0,0,0,738,6.6039438,0,.44,-.82098049,0,0,90,0,0,0,0,1,1,1,1,.69314718,0,0,0,0,0,0,5,12,"Yukerch-Keloy, Bogatovka, Marshen-Kali, Aslanbek-Sheripovo, Dekhesty, Benoy, Musen-Kale, Pamyatoy, Gush-Kert, Gargachi, Vashindoroy, Nikhaloy",1,0,90,0
139,6/5/2005,2005,Aslanbek-Sherpivo,Vedenskiy,10,15,1,3,204,5.31812,200,0,0,0,0,986,6.8936558,0,.74080002,-.3000246,1,0,90,0,0,0,0,0,0,0,0,0,0,0,0,0,0,0,0,4,"Musolt-Aul, Marshen-Keli, Benoy, Musen-Kale",1,0,90,0
139,6/5/2005,2005,Oktyabr'skiy (Groznyy),Groznyy,97,2,0,1,16520,9.712327,50930,6,7,1,1,130,4.8675351,0,4.684,1.544152,0,1,10,1,1,,,,,,,,,,,1,0,1,0,4,"Groznyy (3), Aldy",1,1,10,0
140,6/5/2005,2005,Dai,Shatoiskiy,27,11,1,3,250,5.521461,250,0,0,0,0,688,6.5337892,0,5.2129998,1.651155,0,0,90,0,0,0,0,0,0,0,0,0,0,0,0,0,0,0,4,11,"Irzugu, Sharoargun, Nuiduk, Marshen-Kali, Bogatovka, Musolt-Aul, Khal-Kiloy, Aslanbek-Sheripovo, Benoy, Yukerch-Keloy, Dekhesty",1,0,90,0
140,6/5/2005,2005,Ishtiburi,Vedenskiy,58,15,0,3,69,4.234107,100,0,0,0,0,657,6.4876838,0,1.4816,.39312261,1,0,90,0,0,,,,,,,,,,,0,0,0,1,6,"Sherdi-Mokhk, Kurchali, Bas-Gordiali, Ersenoi, Sredniye Kurchali, Gezenchu",1,0,90,0
141,6/5/2005,2005,Gatin-Kali,Shatoiskiy,42,11,1,3,155,5.0434251,200,0,0,0,0,1128,7.0282021,0,.75,-.28768209,0,0,90,0,0,0,0,0,0,0,0,0,0,0,0,0,0,0,3,5,"Tsem, Varandy, Chalkhon-Chu, Bukuzi, Nyukhoy",1,0,90,0
141,6/5/2005,2005,Germenchuk,Shalinskiy,46,10,0,2,6754,8.8178902,9500,2,0,-2,0,186,5.2257471,0,5,1.6094379,1,0,90,0,0,,,,,,,,,,,-1,1,0,0,1,Shali,1,0,90,0
142,6/5/2005,2005,Khal-Keloi,Shatoiskiy,60,11,1,3,500,6.2146082,500,0,0,0,0,1026,6.933423,0,1.8,.58778661,0,0,90,0,0,0,0,0,0,0,0,0,0,0,0,0,0,0,0,5,"Musolt-Aul, Marshen-Kali, Sharo-Argun, Dakin-Duk, Irzugu",1,0,90,0
142,6/5/2005,2005,Kirov-Yurt,Vedenskiy,67,15,0,3,1637,7.40062,1533,1,0,-1,0,571,6.3473892,0,1.6668,.51090562,1,0,90,0,0,,,,,,,,,,,-1,1,0,1,5,"Khvarshini, Tauzen, Sel'mentauzen, Dagenduk, Ulus-Kert",1,0,90,0
143,6/5/2005,2005,Goryacheistochnenskaya,Groznenskiy,51,3,0,2,1002,6.9097528,,0,0,0,0,287,5.659482,0,1.8,.58778661,0,1,90,0,0,,,,,,,,,,,0,0,0,0,2,"Tolstoy-Yurt, Petropavlovskaya",1,0,90,0
143,6/5/2005,2005,Marshen-Kali,Vedenskiy,80,15,1,3,500,6.2146082,500,0,0,0,0,1139,7.0379062,0,.74080002,-.3000246,1,0,90,0,1,0,0,0,0,0,0,0,0,0,0,0,0,0,1,7,"Khal-Keloi, Musolt-Aul, Aslanbek-Sheripovo, Benoy, Bogatovka, Tauzen, Yukerch-Keloi",1,0,90,0
144,6/5/2005,2005,Kulary,Urus-Martanovskiy,71,14,0,2,3458,8.1484461,6000,1,0,-1,0,165,5.1059461,0,2.4890001,.91188103,0,0,90,0,0,,,,,,,,,,,-1,1,0,0,5,"Khambi-Irze, Yermolovskiy, Alkhan-Kala, Alkhan-Yurt, Krasnopartizanskiy",1,0,90,0
144,6/5/2005,2005,Musolt-Aul,Vedenskiy,87,15,1,3,482,6.1779442,500,0,0,0,0,1139,7.0379062,0,.74080002,-.3000246,1,0,90,0,0,0,0,0,0,0,0,0,0,0,0,0,0,0,1,6,"Benoy, Aslanbek-Sheripovo, Marshen-Kali, Khal-kiloy, Bogatovka, Tauzen",1,0,90,0
145,6/5/2005,2005,Guni,Vedenskiy,55,15,0,3,710,6.5652652,1000,0,2,2,0,678,6.5191469,0,3.1484001,1.146894,1,0,55,1,0,,,,,,,,,,,1,0,1,0,6,"Pervomayskaya, Morzoi-Mokhk, Achireshki, Sherdi-Mokhk, Agish-Batoi, Mesedoy",1,1,55,0
145,6/5/2005,2005,Sharo-Argun,Vedenskiy,114,15,1,3,540,6.2915692,644,0,0,0,0,893,6.7945871,0,1.8,.58778661,1,0,90,0,0,1,1,0,0,0,0,0,1,1,.69314718,0,0,0,0,6,"Ulus-Kert, Lakha-Varanda, Goychu, Dachu-Borzoi, Chishki, Duba-Yurt",1,0,90,0
146,6/30/2005,2005,Makhkety,Vedenskiy,77,15,1,3,3495,8.1590891,3262,2,1,-1,0,649,6.4754329,0,1.676,.51640999,1,0,6,1,0,0,0,0,0,0,0,0,9,1,2.3025849,-1,1,0,0,6,"Tevzena, Sel'mentauzen, Tauzen, Khatuni, Khvarshini, Dutsu-Khote",1,1,6,0
146,6/30/2005,2005,Roshni-chu,Urus-Martanovskiy,107,14,0,2,4435,8.3972826,5100,1,1,0,0,357,5.8777361,0,3.7750001,1.3284,0,0,43,1,0,,,,,,,,,,,0,0,0,0,4,"Urus-Martan, Avstrichu, Tangi, Gekhi-Chu",1,1,43,0
147,7/7/2005,2005,Eshilkhatoy,Vedenskiy,38,15,1,3,341,5.831882,330,1,1,0,0,698,6.5482192,0,2.694,.99102712,1,0,40,1,0,0,0,0,0,0,0,0,1,1,.69314718,0,0,0,0,4,"Vedeno, Neftyanoye, Elistanzhi, Oktya'brskoe",1,1,40,0
147,7/7/2005,2005,Trekhgor'ye,Shalinskiy,131,10,0,2,569,6.3438811,650,0,0,0,0,548,6.3062749,0,3.704,1.309413,1,0,90,0,0,,,,,,,,,,,0,0,0,3,5,"Dachu-Borzoi, Yaryshmardy, Dagenduk, Kvemo Makhnety, Duba-Yurt",1,0,90,0
148,8/23/2005,2005,Eshilkhatoy,Vedenskiy,38,15,1,3,341,5.831882,330,2,0,-2,0,698,6.5482192,0,2.694,.99102712,1,0,90,0,0,0,0,0,0,0,0,0,2,1,1.098612,-1,1,0,0,4,"Vedeno, Neftyanoye, Elistanzhi, Oktya'brskoe",1,0,90,0
148,8/23/2005,2005,Gudermes,Gudermesskiy,54,4,0,2,33578,10.42163,33756,4,6,2,0,48,3.871201,0,8.6739998,2.1603301,1,1,14,1,1,,,,,,,,,,,1,0,1,0,0,,1,1,14,0
149,8/24/2005,2005,Pamyatoy,Shatoiskiy,100,11,1,3,395,5.9788861,500,0,0,0,0,641,6.4630289,0,.55559999,-.58770669,0,0,90,0,0,0,0,0,0,0,0,0,0,0,0,0,0,0,4,6,"Shatoi, Gargachi, Vashindoroy, Nikhaloy, Ryadukhoy, Khalkin",1,0,90,0
149,8/24/2005,2005,Sredniye kurchali,Kurchaloevskiy,119,6,0,2,1195,7.0859008,1100,0,0,0,0,719,6.5778608,0,.926,-.076880999,1,0,90,0,0,,,,,,,,,,,0,0,0,0,8,"Tazen-kale, Belgatoy, Niz. Kurchali, Shirdi-Mokhk, Bas-Gordiali, Gordiali-Yurt, Ersenoi, Tsentoroy",1,0,90,0
150,10/3/2005,2005,Goichu,Urus-Martanovskiy,49,14,0,2,1800,7.495542,1220,0,0,0,0,369,5.9107971,0,.71030003,-.34206781,0,0,90,0,0,,,,,,,,,,,0,0,0,1,3,"Alkhazaurovo, Nagaveya, Komsomol'skoye, Demi-Duk, Martan-Chu",1,0,90,0
150,10/3/2005,2005,Khatuni,Vedenskiy,64,15,1,3,1613,7.3858509,1442,0,0,0,0,614,6.4199948,0,2.1619999,.7710337,1,0,90,0,0,0,0,0,0,0,0,0,2,1,1.098612,0,0,0,0,3,"Makhkety, Agishty, Tevzena",1,0,90,0
151,10/4/2005,2005,Elistanzhi,Vedenskiy,36,15,1,3,1845,7.5202351,1683,0,1,1,0,702,6.5539341,0,2.8469999,1.046266,1,1,90,0,1,0,0,0,0,0,0,0,2,1,1.098612,1,0,1,0,4,"Eshilkhatoy, Tsa-Vedeno, Vedeno, Neftyanoye",1,0,90,0
151,10/4/2005,2005,Regety,Kurchaloevskiy,106,6,0,2,2000,7.600903,2178,0,1,1,0,694,6.5424719,0,1.852,.61626607,1,0,36,1,0,,,,,,,,,,,1,0,1,4,6,"Gikalovskiy, Chechen-Aul, Berdakel, Khankala, Novye Aldy",1,1,36,0
152,10/4/2005,2005,Bas-Gordali,Nozhai-Yurtovskiy,14,9,0,3,695,6.5439119,750,0,0,0,0,684,6.5279579,0,1.4816,.39312261,1,0,90,0,0,,,,,,,,,,,0,0,0,2,6,"Gezenchu, Nizniye Kurchali, Khashki-Mokhk, Tsentoroy, Gordiali-Yurt, Kurchaloi",1,0,90,0
152,10/4/2005,2005,Eshilkhatoy,Vedenskiy,38,15,1,3,341,5.831882,330,1,0,-1,0,698,6.5482192,0,2.694,.99102712,1,0,90,0,0,1,1,0,0,0,0,0,3,1,1.386294,-1,1,0,0,4,"Vedeno, Neftyanoye, Elistanzhi, Oktya'brskoe",1,0,90,0
153,10/4/2005,2005,Borzoi,Shatoiskiy,20,11,0,3,4313,8.3693886,4209,1,0,-1,0,919,6.8232861,0,.926,-.076880999,0,0,90,0,0,,,,,,,,,,,-1,1,0,3,5,"Ryadukhoy, Nikhaloy, Tavzena, Gargachi, Khalkin",1,0,90,0
153,10/4/2005,2005,Makhkety,Vedenskiy,77,15,1,3,3495,8.1590891,3262,0,0,0,0,649,6.4754329,0,1.676,.51640999,1,0,90,0,0,1,1,3,1,0,0,0,8,1,2.1972251,0,0,0,0,6,"Tevzena, Sel'mentauzen, Tauzen, Khatuni, Khvarshini, Dutsu-Khote",1,0,90,0
154,10/6/2005,2005,Avtury,Shalinskiy,12,10,1,2,10724,9.2802391,18330,4,3,-1,0,247,5.509388,0,5.2360001,1.655558,1,1,37,1,0,0,0,0,0,0,0,0,3,1,1.386294,-1,1,0,0,1,Geldagan,1,1,37,0
154,10/6/2005,2005,Staropomyslovskiy (Groznyy),Groznyy,121,2,0,1,20864,9.9457808,53395,7,5,-2,1,130,4.8675351,0,4.684,1.544152,0,1,11,1,1,,,,,,,,,,,-1,1,0,0,4,"Groznyy (3), Aldy",1,1,11,0
155,10/19/2005,2005,Sovetskoye,Shatoiskiy,118,11,0,3,1103,7.0057888,1000,0,0,0,0,526,6.2653012,0,1.6668,.51090562,0,0,90,0,0,,,,,,,,,,,0,0,0,2,6,"Shatoi, Khakkoy, Vashindoroy, Pamyatoy, Gargachi, Yukerch-Keloy",1,0,90,0
155,10/19/2005,2005,Vedeno,Vedenskiy,138,15,1,3,1512,7.321188,1469,8,2,-6,0,702,6.5539341,0,1.331,.28593051,1,0,6,1,1,2,1,2,1,0,0,0,3,1,1.386294,-1,1,0,0,7,"Oktya'brskoe, Agishbatoi, Dyshne-Vedeno, Neftyanoye, Tazen-Kale, Eshilkhatoy, Ersenoi",1,1,6,0
156,11/9/2005,2005,Oktyabr'skiy (Groznyy),Groznyy,97,2,0,1,16520,9.712327,50930,5,6,1,1,130,4.8675351,0,4.684,1.544152,0,1,3,1,1,,,,,,,,,,,1,0,1,0,4,"Groznyy (3), Aldy",1,1,3,0
156,11/9/2005,2005,Starye Atagi,Groznenskiy,122,3,1,2,11205,9.3241158,10161,0,0,0,0,273,5.6094718,0,3.6689999,1.299919,0,1,90,0,0,0,0,10,1,0,0,0,7,1,2.079442,0,0,0,0,2,"N. Atagi, Chiri-Yurt",1,0,90,0
157,12/16/2005,2005,Alkhan-Yurt,Urus-Martanovskiy,7,14,0,2,8040,8.9921846,9000,0,1,1,0,165,5.1059461,0,2.6270001,.96584249,0,1,48,1,0,,,,,,,,,,,1,0,1,0,4,"Krasnopartizanskiy, Kulary, Alkhan-Kala, Kirova",1,1,48,0
157,12/16/2005,2005,Chechen-Aul,Groznenskiy,22,3,1,2,6281,8.7452841,7118,2,1,-1,0,202,5.3082681,0,6.4920001,1.870571,0,0,24,1,0,1,1,1,1,3,1,1.386294,4,1,1.6094379,-1,1,0,0,0,,1,1,24,0
158,7/16/2000,2000,Agishty,Shalinskiy,4,10,1,2,780,6.6592941,457,2,0,-2,0,455,6.120297,0,4.7880001,1.566113,1,0,90,0,0,6,1,11,1,8,1,2.1972251,1,1,.69314718,-1,1,0,0,3,"Tevzena, Khatuni, Tauzen",1,0,90,0
158,7/16/2000,2000,Bas-Gordali,Nozhai-Yurtovskiy,14,9,0,3,695,6.5439119,750,0,0,0,0,684,6.5279579,0,1.4816,.39312261,1,0,90,0,0,,,,,,,,,,,0,0,0,2,6,"Gezenchu, Nizniye Kurchali, Khashki-Mokhk, Tsentoroy, Gordiali-Yurt, Kurchaloi",1,0,90,0
159,3/31/2001,2001,Kharsenoi,Shatoiskiy,63,11,0,3,1800,7.495542,1900,1,0,-1,0,796,6.6795988,0,1.4816,.39312261,0,0,90,0,0,,,,,,,,,,,-1,1,0,2,5,"Bizduk, Arske-Duk, Razdol'noye, Murseil-Duk",1,0,90,0
159,3/31/2001,2001,Mayrtup,Kurchaloevskiy,82,6,1,2,6348,8.7558947,10754,0,1,1,0,201,5.3033051,0,3.244,1.176807,1,0,69,1,0,7,1,8,1,0,0,0,0,0,0,1,0,1,0,2,"Kurchaloi, Ilaskhan-Yurt",1,1,69,0
